en_dialogue,Timeline,tamil_dialogue
The woods of Pandora,"00:01:23,709 --> 00:01:25,586",பண்டோரா காடுகள்
they hide many dangers.,"00:01:25,961 --> 00:01:27,838",அவர்கள் பல ஆபத்துக்களை மறைக்கிறார்கள்.
But the most dangerous thing about Pandora is...,"00:01:34,845 --> 00:01:37,139",ஆனால் பண்டோராவைப் பற்றிய மிக ஆபத்தான விஷயம்...
that you may love her too much.,"00:01:41,518 --> 00:01:43,937",நீங்கள் அவளை அதிகமாக நேசிக்கலாம் என்று.
We sing songs to remember.,"00:01:56,783 --> 00:01:58,744",நினைவில் கொள்ள பாடல்களைப் பாடுகிறோம்.
"Each bead, a story in our life.","00:01:59,786 --> 00:02:03,081","ஒவ்வொரு மணியும், நம் வாழ்வில் ஒரு கதை."
Pearl for the birth of our son.,"00:02:04,917 --> 00:02:07,669",எங்கள் மகன் பிறந்ததற்கு முத்து.
I don't care! - I don't care!,"00:02:11,757 --> 00:02:14,843",எனக்கு கவலையில்லை! - நான் கவலைப்படவில்லை!
"Pearl when we adopted our daughter, Kiri.","00:02:22,184 --> 00:02:24,937",நாங்கள் தத்தெடுத்தபோது முத்து எங்கள் மகள் கிரி.
Born by Grace's avatar.,"00:02:26,438 --> 00:02:28,106",கிரேஸின் அவதாரத்தால் பிறந்தவர்.
The daughter whose conception is was a complete mystery.,"00:02:29,191 --> 00:02:31,985",கருவுற்றிருக்கும் மகள் ஒரு முழுமையான மர்மமாக இருந்தது.
Pearl for the first union with Eve.,"00:02:46,166 --> 00:02:48,252",ஏவுடனான முதல் சங்கத்திற்கு முத்து.
"People say, we live in Avey,","00:02:52,214 --> 00:02:54,842","மக்கள் சொல்கிறார்கள், நாங்கள் ஏவியில் வசிக்கிறோம்,"
and Eva lives in us.,"00:02:56,885 --> 00:02:59,137",மற்றும் ஈவா நம்மில் வாழ்கிறார்.
The great mother carries everything your children in your heart.,"00:03:01,557 --> 00:03:05,310",பெரிய தாய் எல்லாவற்றையும் சுமக்கிறாள் உங்கள் குழந்தைகள் உங்கள் இதயத்தில்.
Happiness is simple.,"00:03:14,528 --> 00:03:16,446",மகிழ்ச்சி எளிமையானது.
But who would have thought it would a marine like me hack it?,"00:03:18,115 --> 00:03:20,993",ஆனால் யார் நினைத்திருப்பார்கள் என்னைப் போன்ற ஒரு கடற்படை அதை ஹேக் செய்கிறதா?
"When I met your father, I tried to kill him.","00:03:23,996 --> 00:03:28,500","நான் உங்கள் தந்தையை சந்தித்தபோது, அவரைக் கொல்ல முயன்றேன்."
It was love at first sight.,"00:03:28,625 --> 00:03:30,919",அது முதல் பார்வையில் காதல்.
"In an hour, we had four.","00:03:31,044 --> 00:03:32,921","ஒரு மணி நேரத்தில், நாங்கள் நான்கு பேர்."
When we sent the Heavenly People back to earth,"00:03:36,717 --> 00:03:39,052",நாம் பரலோக மக்களை அனுப்பியபோது மீண்டும் பூமிக்கு
a few of them remained.,"00:03:39,178 --> 00:03:41,054",அவற்றில் சில எஞ்சியிருந்தன.
"Scientists, loyal to the Na'vi.","00:03:41,138 --> 00:03:44,433","விஞ்ஞானிகள், நவிக்கு விசுவாசமானவர்கள்."
And then there was Spider.,"00:03:44,850 --> 00:03:46,727",பின்னர் ஸ்பைடர் இருந்தது.
He's stuck here. Too young for a cryo-capsule.,"00:03:47,019 --> 00:03:49,730",அவர் இங்கே மாட்டிக்கொண்டார். கிரையோ-காப்ஸ்யூலுக்கு மிகவும் இளமையாக உள்ளது.
"You little beast. - See you, Norm!","00:03:49,855 --> 00:03:52,357","நீ சிறிய மிருகம். - சந்திப்போம், நார்ம்!"
"war orphan, which were raised by people from the laboratory.","00:03:52,399 --> 00:03:54,818","போர் அனாதை, ஆய்வகத்திலிருந்து மக்களால் எழுப்பப்பட்டவை."
"Spider, get a spare! - I'm only going to the village!","00:03:54,860 --> 00:03:57,154","சிலந்தி, உதிரி எடு! - நான் கிராமத்திற்கு மட்டுமே செல்கிறேன்!"
He was not part of our family.,"00:03:58,697 --> 00:04:00,469",அவர் எங்கள் குடும்பத்தில் அங்கம் வகிக்கவில்லை.
He was like a stray cat.,"00:04:00,504 --> 00:04:02,242",அவன் ஒரு வழி தவறிய பூனை போல இருந்தான்.
Always there somewhere.,"00:04:02,284 --> 00:04:04,119",எப்போதும் எங்காவது இருக்கும்.
Inseparable from our children.,"00:04:04,786 --> 00:04:06,663",எங்கள் குழந்தைகளிடமிருந்து பிரிக்க முடியாதது.
"For Neytiri, he will always be a stranger.","00:04:10,375 --> 00:04:13,670","நெய்த்திரிக்கு, அவர் எப்போதும் அந்நியராக இருப்பார்."
One of them.,"00:04:13,795 --> 00:04:15,339",அவர்களில் ஒருவர்.
He belongs with his kind.,"00:04:15,422 --> 00:04:17,925",அவர் தனது வகையைச் சேர்ந்தவர்.
He's mine! I took it first.,"00:04:22,429 --> 00:04:24,640",அவன் என்னுடையவன்! நான் முதலில் எடுத்தேன்.
Why should I leave it to you? -He's mine! - It took me several years,"00:04:24,723 --> 00:04:27,726",நான் ஏன் அதை உன்னிடம் விட்டுவிட வேண்டும்? -அவர் என்னுடையவர்! - இது எனக்கு பல ஆண்டுகள் ஆனது
let my tongue enter my head.,"00:04:27,768 --> 00:04:29,268",என் நாக்கு என் தலையில் நுழையட்டும்.
"Lo'ak, liar! Give it to me! - But now that I hear him,","00:04:29,269 --> 00:04:31,204","இதோ, பொய்யன்! என்னிடம் கொடு! - ஆனால் இப்போது நான் அவரைக் கேட்கிறேன்,"
it comes to me like native. -I hate you!,"00:04:31,371 --> 00:04:33,857",பூர்வீகம் போல் எனக்கு வருகிறது. - நான் உன்னை வெறுக்கிறேன்!
"I hate you endlessly, Lo'ak! Penisolics!","00:04:34,816 --> 00:04:38,695","நான் உன்னை முடிவில்லாமல் வெறுக்கிறேன், லோக்! ஆண்குறிகள்!"
Enough! Don't let me come there.,"00:04:39,947 --> 00:04:42,616",போதும்! என்னை அங்கே வர விடாதே.
He'll come out from behind those big rocks.,"00:04:42,950 --> 00:04:45,369",அந்தப் பெரிய பாறைகளுக்குப் பின்னால் இருந்து வெளியே வருவார்.
There it is.,"00:04:45,577 --> 00:04:48,747",அது இருக்கிறது.
There. Go get her!,"00:04:49,289 --> 00:04:50,799",அங்கு. போய் அவளை அழைத்து வா!
"Netejam, the mighty fisherman.","00:04:52,835 --> 00:04:54,920","நெதேஜம், வல்லமைமிக்க மீனவர்."
There. Well done.,"00:04:55,087 --> 00:04:57,005",அங்கு. நன்றாக முடிந்தது.
It's big. - At the stones.,"00:05:00,843 --> 00:05:03,345",அது பெரியது. - கற்களில்.
Where you said.,"00:05:04,346 --> 00:05:05,931",எங்கே சொன்னாய்.
How tall is he? - He's this tall. -He's tall!,"00:05:05,973 --> 00:05:09,351",அவர் எவ்வளவு உயரம்? - அவர் மிகவும் உயரமானவர். - அவர் உயரமானவர்!
Time flies.,"00:05:09,393 --> 00:05:10,903",நேரம் பறக்கிறது.
Like a dream.,"00:05:11,103 --> 00:05:12,813",கனவு போல.
"Kiri. -Brother, come on.","00:05:13,939 --> 00:05:15,433","கிரி. - தம்பி, வா."
Come on.,"00:05:15,434 --> 00:05:17,276",வாருங்கள்.
"Smile, you idiot.","00:05:17,526 --> 00:05:19,036","சிரி, முட்டாள்."
Like a night out.,"00:05:24,283 --> 00:05:25,776",ஒரு இரவு போல.
Time without children.,"00:05:25,777 --> 00:05:27,287",குழந்தைகள் இல்லாத காலம்.
But the problem with luck...,"00:05:59,026 --> 00:06:00,944",ஆனால் அதிர்ஷ்டத்தின் பிரச்சனை...
It can disappear in a split second.,"00:06:03,238 --> 00:06:05,115",இது ஒரு நொடியில் மறைந்துவிடும்.
A new star in the night.,"00:06:11,205 --> 00:06:13,373",இரவில் ஒரு புதிய நட்சத்திரம்.
That can only mean one thing.,"00:06:14,583 --> 00:06:16,835",அது ஒன்றை மட்டுமே குறிக்கும்.
Ships. They slow down.,"00:06:23,509 --> 00:06:25,761",கப்பல்கள். அவை வேகத்தைக் குறைக்கின்றன.
And the Skymen are coming back.,"00:06:34,937 --> 00:06:37,022",மற்றும் ஸ்கைமேன் மீண்டும் வருகிறார்கள்.
Translated by: Bambula,"00:06:39,107 --> 00:06:44,404",மொழிபெயர்த்தவர்: பம்புலா
ONE YEAR LATER,"00:08:55,410 --> 00:08:59,540",ஒரு வருடம் கழித்து
Pulse 168.,"00:09:06,755 --> 00:09:08,265",துடிப்பு 168.
Here it is.,"00:09:08,298 --> 00:09:09,842",இதோ.
You are fine.,"00:09:09,925 --> 00:09:11,425",நீங்கள் நலமாக இருக்கிறீர்கள்.
Just lie still.,"00:09:11,426 --> 00:09:12,936",சும்மா கிடக்கு.
Keep calm.,"00:09:12,942 --> 00:09:14,452",அமைதியாக இருங்கள்.
Yes. Pupillary reaction is good.,"00:09:15,597 --> 00:09:17,766",ஆம். மாணவர்களின் எதிர்வினை நல்லது.
Get it out of his face.,"00:09:17,933 --> 00:09:19,443",அதை அவன் முகத்திலிருந்து அகற்று.
Colonel...,"00:09:19,810 --> 00:09:21,320",கர்னல்...
can you hear me Colonel?,"00:09:21,395 --> 00:09:23,272",உன்னால் கேட்க முடியுமா கர்னலா?
"You must lie down, sir.","00:09:26,191 --> 00:09:27,776",நீங்க படுத்துக்கோங்க சார்.
Sedate him! -Get out of here.,"00:09:33,448 --> 00:09:35,576",அவரை அமைதிப்படுத்து! - இங்கிருந்து வெளியேறு.
Go Go! - Call security!,"00:09:35,701 --> 00:09:37,619",போ போ! - பாதுகாப்பு அழைப்பு!
Catch him! - Catch him!,"00:09:37,661 --> 00:09:39,171",அவனைப் பிடி! - அவனைப் பிடி!
Hold it! -Calm down!,"00:09:39,955 --> 00:09:41,707",பிடி! - அமைதி!
"Colonel, stop! Colonel, it's me!","00:09:41,748 --> 00:09:44,334","கர்னல், நிறுத்து! கர்னல், நான் தான்!"
Corporal Waynfleet!,"00:09:44,668 --> 00:09:46,178",கார்போரல் வேய்ன்ஃப்ளீட்!
Lyle?,"00:09:49,715 --> 00:09:51,225",லைல்?
That's you? -Yes sir. And Zee Dog.,"00:09:52,384 --> 00:09:57,014",அது நீதானா? -ஆமாம் சார். மற்றும் ஜீ நாய்.
And Fike...,"00:09:57,764 --> 00:09:59,641",மற்றும் ஃபைக்...
I'm all right. Let me go.,"00:10:02,227 --> 00:10:03,737",நான் நலமாக இருக்கிறேன். என்னை விடுங்கள்.
I'm all right.,"00:10:04,229 --> 00:10:06,106",நான் நலமாக இருக்கிறேன்.
Well...,"00:10:26,543 --> 00:10:28,420",சரி...
Isn't this horrible?,"00:10:29,004 --> 00:10:31,215",இது கொடுமை இல்லையா?
Get ready. Two minutes until landing on Pandora. Safe for Delta V.,"00:10:40,015 --> 00:10:45,103",தயாராகுங்கள். தரையிறங்குவதற்கு இரண்டு நிமிடங்கள் பண்டோரா மீது. டெல்டா விக்கு பாதுகாப்பானது.
OK. Umbilical cord removed.,"00:10:46,104 --> 00:10:48,065",சரி. தொப்புள் கொடி அகற்றப்பட்டது.
Oxygen saturation 89.,"00:10:48,524 --> 00:10:50,034",ஆக்ஸிஜன் செறிவு 89.
"In case you haven't figured it out yet, you are Colonel Miles Quaritch.","00:10:51,527 --> 00:10:55,489","நீங்கள் இன்னும் கண்டுபிடிக்கவில்லை என்றால், நீங்கள் கர்னல் மைல்ஸ் குவாரிச்."
"Only younger, taller, bluer...","00:10:55,531 --> 00:10:58,033","இளையவர், உயரம், நீலம்..."
And not nearly as gorgeous.,"00:10:58,450 --> 00:11:00,369",மற்றும் கிட்டத்தட்ட அழகாக இல்லை.
I'm going on a mission in two hours against a Na'vi stronghold.,"00:11:00,953 --> 00:11:04,540",நான் இரண்டு மணி நேரத்தில் ஒரு பணிக்குச் செல்கிறேன் ஒரு Na'vi கோட்டைக்கு எதிராக.
The heads thought it was smart to make a copy of this just in case.,"00:11:04,581 --> 00:11:09,336",தலைகள் புத்திசாலித்தனம் என்று நினைத்தார்கள் ஒரு சந்தர்ப்பத்தில் இதை நகலெடுக்க.
"And if you're watching this, well...","00:11:09,628 --> 00:11:11,713",நீங்கள் இதைப் பார்த்தால் சரி...
That means I pulled my paws.,"00:11:11,880 --> 00:11:13,966",அதாவது நான் என் பாதங்களை இழுத்தேன்.
"Parker, what should I say now?","00:11:15,968 --> 00:11:19,137","பார்க்கர், நான் இப்போது என்ன சொல்ல வேண்டும்?"
Just remind him how this works.,"00:11:19,638 --> 00:11:21,557",இது எவ்வாறு செயல்படுகிறது என்பதை அவருக்கு நினைவூட்டுங்கள்.
Here is.,"00:11:21,640 --> 00:11:23,150",இதோ.
You see this? These are all your memories and personality.,"00:11:23,934 --> 00:11:26,562",இதைப் பார்க்கிறீர்களா? இவை அனைத்தும் உங்கள் நினைவுகள் மற்றும் ஆளுமை.
We're going to send this back to Earth where are you growing in the lab right now.,"00:11:26,770 --> 00:11:30,774",இதை மீண்டும் பூமிக்கு அனுப்பப் போகிறோம் நீங்கள் இப்போது ஆய்வகத்தில் எங்கே வளர்கிறீர்கள்.
"We're going to transfer this to you, and then...","00:11:30,816 --> 00:11:32,526","நாங்கள் இதை உங்களுக்கு மாற்றப் போகிறோம், பின்னர்..."
Do I do this or do you? - Hurry up.,"00:11:32,609 --> 00:11:34,862",நான் இதைச் செய்கிறேனா அல்லது நீ செய்வாயா? - சீக்கிரம்.
"Anyway, the idea is to switch awareness of the most experienced operatives...","00:11:36,196 --> 00:11:41,785",எப்படியும் மாற வேண்டும் என்ற எண்ணம் மிகவும் அனுபவம் வாய்ந்த செயற்பாட்டாளர்கள் பற்றிய விழிப்புணர்வு...
"As Corporal Wainfleet is there,","00:11:41,827 --> 00:11:44,580","கார்போரல் வைன்ஃப்லீட் இருப்பதால்,"
"and your humble narrator, into recombinant bodies.","00:11:44,621 --> 00:11:49,418","மற்றும் உங்கள் தாழ்மையான கதைசொல்லி, மறுசீரமைப்பு உடல்களில்."
"You're recombinant now, Colonel, filled with my memories and charm.","00:11:50,002 --> 00:11:54,298","நீங்கள் இப்போது மீண்டும் இணைந்திருக்கிறீர்கள், கர்னல், என் நினைவுகள் மற்றும் வசீகரம் நிறைந்தது."
"You will not remember my death, because it hasn't happened yet,","00:11:55,257 --> 00:11:58,677",என் மரணத்தை நீங்கள் நினைவில் கொள்ள மாட்டீர்கள் ஏனென்றால் அது இன்னும் நடக்கவில்லை
and won't.,"00:11:58,927 --> 00:12:00,437",மற்றும் மாட்டேன்.
That's right. -You bet.,"00:12:00,679 --> 00:12:02,189",அது சரிதான். - நீங்கள் பந்தயம் கட்டுகிறீர்கள்.
"Whatever happened,","00:12:02,347 --> 00:12:03,891","என்ன நடந்தாலும்,"
"if you are even a little clone of me, you will crave revenge.","00:12:04,850 --> 00:12:07,519","நீங்கள் எனக்கு ஒரு சிறிய குளோன் என்றால், பழிவாங்க ஆசைப்படுவீர்கள்."
And Jake Sully will be at the top of that list.,"00:12:07,936 --> 00:12:10,439",மேலும் அந்த பட்டியலில் ஜேக் சுல்லி முதலிடத்தில் இருப்பார்.
"Remember, boy...","00:12:14,067 --> 00:12:15,577","நினைவில் கொள்ளுங்கள், பையன் ..."
A Marine cannot be defeated.,"00:12:15,777 --> 00:12:17,404",ஒரு கடற்படை வீரரை தோற்கடிக்க முடியாது.
"They can kill us, but we will regroup in hell.","00:12:17,779 --> 00:12:21,658","அவர்கள் நம்மை கொல்லலாம், ஆனால் நாம் மீண்டும் நரகத்தில் ஒன்றுபடுவோம்."
Always loyal.,"00:12:23,076 --> 00:12:24,586",எப்போதும் விசுவாசமானவர்.
"Ground team, move!","00:12:52,981 --> 00:12:54,491","தரை அணி, நகர்த்து!"
Take this! Go!,"00:13:47,995 --> 00:13:49,830",இதை எடு! போ!
"Here we go. Two minutes, people. Here we go.","00:13:53,959 --> 00:13:56,003","இதோ போகிறோம். இரண்டு நிமிடங்கள், மக்கள். இதோ போகிறோம்."
"Bro, we gotta get down there. -By no means! Dad will skin us!","00:14:00,382 --> 00:14:04,178","அண்ணா, நாம் அங்கே இறங்க வேண்டும். - எந்த வகையிலும் இல்லை! அப்பா நம்மை தோலுரிப்பார்!"
Come on. Don't be lukewarm.,"00:14:04,636 --> 00:14:06,146",வாருங்கள். மந்தமாக இருக்க வேண்டாம்.
"Lo'ak! Come back here, you...","00:14:06,847 --> 00:14:08,724","லோக்! இங்கே திரும்பி வா, நீ..."
"We're taking the whole crate! We take frames for bullets, rocket launchers, stingers.","00:14:12,561 --> 00:14:15,898","நாங்கள் முழு பெட்டியையும் எடுத்துக்கொள்கிறோம்! நாங்கள் பிரேம்களை எடுக்கிறோம் தோட்டாக்கள், ராக்கெட் லாஞ்சர்கள், ஸ்டிங்கர்கள்."
"Brother, let's go. Come on! - Lo'ak!","00:14:19,484 --> 00:14:20,994","தம்பி, போகலாம். வாருங்கள்! - லோக்!"
"Okay, let's go!","00:14:21,021 --> 00:14:22,438","சரி, போகலாம்!"
Lo'ak!,"00:14:22,439 --> 00:14:23,946",லோக்!
Move! Take it!,"00:14:23,947 --> 00:14:25,457",நகர்த்தவும்! எடு!
"Take this weapon! Boy, go!","00:14:25,949 --> 00:14:27,492","இந்த ஆயுதத்தை எடு! பையன், போ!"
You don't even know how to use it.,"00:14:30,162 --> 00:14:31,747",அதை எப்படி பயன்படுத்துவது என்று கூட உங்களுக்குத் தெரியாது.
My dad taught me.,"00:14:32,706 --> 00:14:34,249",என் அப்பா எனக்குக் கற்றுக் கொடுத்தார்.
A fighter jet is coming!,"00:14:42,007 --> 00:14:43,459",போர் விமானம் வருகிறது!
Retreat!,"00:14:43,460 --> 00:14:44,970",பின்வாங்க!
"Brother, come on!","00:14:50,766 --> 00:14:52,643","தம்பி, வா!"
"Lo'ak, where are you?","00:15:01,902 --> 00:15:03,396","லோக், நீ எங்கே இருக்கிறாய்?"
We don't care!,"00:15:03,397 --> 00:15:04,907",நாங்கள் கவலைப்படவில்லை!
Easy easy. Are you OK?,"00:15:05,531 --> 00:15:07,041",எளிதாக எளிதாக. நீங்கள் நலமா?
Yes. -Where's your brother?,"00:15:07,282 --> 00:15:08,792",ஆம். - உங்கள் சகோதரர் எங்கே?
There. -Where is he? Where?,"00:15:09,159 --> 00:15:10,669",அங்கு. - அவர் எங்கே? எங்கே?
Get out of here! Go!,"00:15:10,674 --> 00:15:12,184",இங்கிருந்து வெளியேறு! போ!
Oh no.,"00:15:16,708 --> 00:15:18,585",அடடா.
No no.,"00:15:19,878 --> 00:15:21,421",இல்லை இல்லை.
God.,"00:15:22,297 --> 00:15:24,216",கடவுள்.
Dad?,"00:15:28,929 --> 00:15:30,806",அப்பாவா?
"What are you doing here, boy? Where was your mind?","00:15:32,474 --> 00:15:34,726","நீ இங்கே என்ன செய்கிறாய், பையன்? உன் மனம் எங்கே இருந்தது?"
I'm sorry.,"00:15:35,853 --> 00:15:37,688",மன்னிக்கவும்.
"I'm very sorry, sir.","00:15:38,564 --> 00:15:40,074","நான் மிகவும் வருந்துகிறேன், ஐயா."
You're not in Kansas anymore.,"00:15:43,694 --> 00:15:45,737",நீங்கள் இப்போது கன்சாஸில் இல்லை.
Let's go to Pandora.,"00:15:47,072 --> 00:15:49,449",பண்டோராவுக்குப் போவோம்.
I know that everyone to themselves you are asking the same question.,"00:15:50,075 --> 00:15:55,205",எல்லோரும் தங்களுக்கு என்று எனக்குத் தெரியும் நீங்கள் அதே கேள்வியை கேட்கிறீர்கள்.
Why so blue?,"00:15:58,000 --> 00:15:59,510",ஏன் இவ்வளவு நீலம்?
"Because of the sins of our past life,","00:16:03,672 --> 00:16:05,549","நாம் செய்த பாவங்களின் காரணமாக,"
we are resurrected in form our enemy.,"00:16:05,757 --> 00:16:08,177",நாம் வடிவத்தில் உயிர்த்தெழுந்தோம் எங்கள் எதிரி.
"This gives us their size, strength, speed.","00:16:08,677 --> 00:16:12,598","இது அவற்றின் அளவை நமக்குத் தருகிறது, வலிமை, வேகம்."
And with our training...,"00:16:12,973 --> 00:16:15,017",மற்றும் எங்கள் பயிற்சியுடன் ...
It's a pretty potent mix.,"00:16:15,392 --> 00:16:17,227",இது மிகவும் சக்திவாய்ந்த கலவையாகும்.
Did we get the assignment yet? -You bet.,"00:16:18,812 --> 00:16:21,315",எங்களுக்கு இன்னும் பணி கிடைத்ததா? - நீங்கள் பந்தயம் கட்டுகிறீர்கள்.
Our task is to find and kill,"00:16:22,107 --> 00:16:24,443",கண்டுபிடித்து கொல்வதே எங்கள் பணி
the leader of the Na'vi rebels.,"00:16:24,985 --> 00:16:27,446",நவி கிளர்ச்சியாளர்களின் தலைவர்.
The one they call Toruk Makto.,"00:16:27,946 --> 00:16:30,824",அவர்கள் டோருக் மக்டோ என்று அழைக்கப்படுபவர்.
Jake Sully. -That!,"00:16:31,742 --> 00:16:33,285",ஜேக் சுல்லி. -அது!
"Attack, attack!","00:16:41,877 --> 00:16:43,670","தாக்குதல், தாக்குதல்!"
You're mine!,"00:16:44,004 --> 00:16:45,547",நீ என்னுடையவன்!
Knock! Come on!,"00:16:45,756 --> 00:16:47,299",தட்டுங்கள்! வாருங்கள்!
I'm definitely faster when I'm blue. -You idiot. -Not seriously.,"00:16:47,716 --> 00:16:51,053",நான் நீல நிறமாக இருக்கும்போது நான் நிச்சயமாக வேகமாக இருக்கிறேன். - முட்டாள். - தீவிரமாக இல்லை.
And animals respect me more. They don't see me as a man.,"00:16:51,345 --> 00:16:54,264",மேலும் விலங்குகள் என்னை அதிகமாக மதிக்கின்றன. அவர்கள் என்னை ஒரு மனிதனாக பார்க்கவில்லை.
Stop. You are a man?,"00:16:54,389 --> 00:16:56,266",நிறுத்து. நீங்கள் ஒரு மனிதனா?
They're coming!,"00:17:06,610 --> 00:17:08,120",அவர்கள் வருகிறார்கள்!
"HIGH CAMP, OMATIKAY STREET","00:17:08,153 --> 00:17:11,281","உயர் முகாம், ஓமதிகே தெரு"
"They're coming! Run, Spider!","00:17:12,574 --> 00:17:14,576","அவர்கள் வருகிறார்கள்! ஓடு, சிலந்தி!"
The warband is back!,"00:17:14,952 --> 00:17:16,912",போர்க்கப்பல் திரும்பியது!
Come on. -Here we go. Come on.,"00:17:16,995 --> 00:17:19,665",வாருங்கள். -இதோ செல்கிறோம். வாருங்கள்.
"Mum! - Tuk... -Mum. - Knock, Knock.","00:17:34,304 --> 00:17:37,349","அம்மா! - டக்... - அம்மா. - தட்டுங்கள், தட்டுங்கள்."
Choir!,"00:17:39,518 --> 00:17:41,028",பாடகர் குழு!
You should be scouts.,"00:17:43,063 --> 00:17:44,606",நீங்கள் சாரணர்களாக இருக்க வேண்டும்.
"Notice the enemies, and report.","00:17:44,648 --> 00:17:46,142","எதிரிகளைக் கவனியுங்கள், மற்றும் அறிக்கை."
From afar!,"00:17:46,143 --> 00:17:47,653",தூரத்தில் இருந்து!
Does any of this sound familiar? Come here!,"00:17:47,985 --> 00:17:50,028",இதில் ஏதேனும் தெரிந்திருக்கிறதா? இங்கே வா!
"Jesus. I'll give it to you two geniuses to complete the task,","00:17:50,362 --> 00:17:52,489","இயேசு. நான் அதை உங்கள் இருவருக்கும் தருகிறேன் பணியை முடிக்க மேதைகள்,"
and you disobey a direct order.,"00:17:52,573 --> 00:17:54,083",மற்றும் நீங்கள் ஒரு நேரடி உத்தரவை மீறுகிறீர்கள்.
"Kiri, can you help grandma around the wounded? Please?","00:17:54,867 --> 00:17:57,703","கிரி, பாட்டிக்கு உதவ முடியுமா காயமடைந்தவர்களைச் சுற்றி? தயவுசெய்து?"
"My brother is wounded. -It's fine. - Tuk, go with her. Come on. -Dad.","00:17:57,786 --> 00:18:01,540","எனது சகோதரர் காயமடைந்துள்ளார். - பரவாயில்லை. - டக், அவளுடன் போ. வாருங்கள். - அப்பா."
"Sir. I take full responsibility. - Yes, you take over. That's right.","00:18:01,790 --> 00:18:05,377","ஐயா. நான் முழுப் பொறுப்பையும் ஏற்கிறேன். - ஆம், நீங்கள் பொறுப்பேற்கிறீர்கள். அது சரிதான்."
Because you are the older brother. You have to act accordingly.,"00:18:06,044 --> 00:18:08,380",ஏனென்றால் நீங்கள் மூத்த சகோதரர். அதன்படி செயல்பட வேண்டும்.
MaJake.,"00:18:09,464 --> 00:18:11,049",மாஜேக்.
"Your son is really bleeding. - Mother, it's okay. I...","00:18:11,175 --> 00:18:15,095","உங்கள் மகனுக்கு உண்மையிலேயே ரத்தம் கொட்டுகிறது. - அம்மா, பரவாயில்லை. நான்..."
"Go get it patched. Come on, willingly.","00:18:16,597 --> 00:18:18,724","போய் அதை ஒட்டவும். வா, விருப்பத்துடன்."
You realize it's because of you your brother almost died.,"00:18:24,188 --> 00:18:27,107",அது உங்களால் தான் என்பதை நீங்கள் புரிந்துகொள்கிறீர்கள் உங்கள் சகோதரர் கிட்டத்தட்ட இறந்துவிட்டார்.
Yes sir.,"00:18:27,608 --> 00:18:29,118",ஆமாம் சார்.
You are punished. You are banned from flying for a month.,"00:18:30,819 --> 00:18:32,988",நீங்கள் தண்டிக்கப்படுகிறீர்கள். நீங்கள் ஒரு மாதம் பறக்க தடை விதிக்கப்பட்டுள்ளது.
Take care of the spawn. For all of them. -Yes sir.,"00:18:33,405 --> 00:18:36,200",முட்டையை கவனித்துக் கொள்ளுங்கள். அவர்கள் அனைவருக்கும். -ஆமாம் சார்.
And get that shit off your face.,"00:18:36,283 --> 00:18:37,793",உங்கள் முகத்தில் இருந்து அந்த மலம் அகற்றவும்.
You want a kiss on the scratch? - Give him this. -Okay.,"00:18:47,920 --> 00:18:49,922",கீறலில் முத்தம் வேண்டுமா? - இதை அவருக்குக் கொடுங்கள். -சரி.
"I would use yala bark. - Here, drink. -Really? And who is Tsahik?","00:18:49,963 --> 00:18:54,593","நான் யாலா பட்டை பயன்படுத்துவேன். - இங்கே, குடிக்கவும். - உண்மையில்? மற்றும் சாஹிக் யார்?"
You are... Move.,"00:18:55,469 --> 00:18:56,979",நீங்கள்... நகர்த்தவும்.
"you are, grandma, but the bark is better.","00:18:57,137 --> 00:18:59,890","நீங்கள், பாட்டி, ஆனால் பட்டை சிறந்தது."
It burns less.,"00:19:02,059 --> 00:19:03,569",இது குறைவாக எரிகிறது.
A mighty warrior.,"00:19:04,102 --> 00:19:05,612",வலிமைமிக்க வீரன்.
What is it?,"00:19:13,028 --> 00:19:14,538",அது என்ன?
Netejam and Lo'ak look up to you.,"00:19:16,615 --> 00:19:19,535",Netejam மற்றும் Lo'ak உங்களை எதிர்பார்க்கிறார்கள்.
It was hard for them.,"00:19:20,577 --> 00:19:22,454",அது அவர்களுக்கு கடினமாக இருந்தது.
I know.,"00:19:23,622 --> 00:19:25,132",எனக்கு தெரியும்.
You are very strict with them.,"00:19:26,917 --> 00:19:28,794",நீங்கள் அவர்களுடன் மிகவும் கண்டிப்பானவர்.
I am their father. That's my job.,"00:19:32,089 --> 00:19:34,007",நான் அவர்களின் தந்தை. அது என் வேலை.
This is not a unit. This is family.,"00:19:35,467 --> 00:19:38,262",இது ஒரு அலகு அல்ல. இது குடும்பம்.
I thought we were out of them.,"00:19:49,898 --> 00:19:51,608",நாங்கள் அவர்களை விட்டு வெளியேறிவிட்டோம் என்று நினைத்தேன்.
Hey buddy. How's it going? - Spiders.,"00:20:00,742 --> 00:20:02,578",ஏய் நண்பா. எப்படி போகிறது? - சிலந்திகள்.
Your face is mine.,"00:20:03,328 --> 00:20:04,838",உன் முகம் என்னுடையது.
I'm here.,"00:20:04,872 --> 00:20:06,382",நான் இங்கே இருக்கிறேன்.
Only for avatars. Go around!,"00:20:06,498 --> 00:20:08,375",அவதாரங்களுக்கு மட்டும். சுற்றி செல்!
Sorry.,"00:20:08,834 --> 00:20:10,293",மன்னிக்கவும்.
Yes. Those blue stripes they don't make you bigger bro.,"00:20:10,294 --> 00:20:12,754",ஆம். அந்த நீல நிற கோடுகள் அவர்கள் உங்களை பெரிதாக்கவில்லை அண்ணா.
"Yes, I can still beat you up.","00:20:13,338 --> 00:20:14,882","ஆம், என்னால் இன்னும் உன்னை வெல்ல முடியும்."
What a day. - Long.,"00:20:18,719 --> 00:20:20,429",என்ன ஒரு நாள். - நீண்ட.
"Really hilarious, folks. But you know what's really horrible?","00:20:23,599 --> 00:20:26,518","மிகவும் வேடிக்கையாக உள்ளது, மக்களே. ஆனால் உண்மையில் என்ன கொடுமை தெரியுமா?"
"You can breathe earth air for hours,","00:20:26,553 --> 00:20:28,312","நீங்கள் சுவாசிக்க முடியும் மணிக்கணக்கில் பூமி காற்று,"
and I can inhale yours air for ten seconds.,"00:20:28,687 --> 00:20:31,023",நான் உன்னுடைய சுவாசத்தை உள்ளிழுக்க முடியும் பத்து வினாடிகள் காற்று.
"Yes, Monkey, that's really awful.","00:20:31,064 --> 00:20:33,317","ஆம், குரங்கு, அது மிகவும் மோசமானது."
For you.,"00:20:33,734 --> 00:20:35,244",உங்களுக்காக.
"Bye, Max. - Hi, kids.","00:20:41,700 --> 00:20:43,194","வருகிறேன், மேக்ஸ். - வணக்கம், குழந்தைகள்."
"Bye. What's up, Max?","00:20:43,195 --> 00:20:44,654","விடைபெறுகிறேன். என்ன விஷயம், மேக்ஸ்?"
"What's up, Norm?","00:20:44,655 --> 00:20:46,165","என்ன, நார்ம்?"
Hi Mom.,"00:20:51,460 --> 00:20:53,003",வணக்கம் அம்மா.
Maybe I'm just going crazy here but I see actual proof,"00:21:03,055 --> 00:21:07,142",ஒருவேளை நான் இங்கே பைத்தியமாகப் போகிறேன் ஆனால் நான் உண்மையான ஆதாரத்தைக் காண்கிறேன்
systematic response on a global level.,"00:21:07,476 --> 00:21:11,522",முறையான பதில் உலகளாவிய அளவில்.
Can not...,"00:21:12,022 --> 00:21:13,532",முடியாது...
"I will not use the term ""intelligence."" It is...","00:21:14,274 --> 00:21:17,069","""உளவுத்துறை"" என்ற வார்த்தையை நான் பயன்படுத்த மாட்டேன். இது..."
"Perhaps ""awareness"" is a better word. 2 3 4 00:21:21,406 --> 00:21:26,537 It's like she's whole biosphere Pandora conscious",,
and capable of such cognitive reaction.,"00:21:26,954 --> 00:21:30,207",மற்றும் அத்தகைய திறன் கொண்டது அறிவாற்றல் எதிர்வினை.
"Shit, I can't say that.","00:21:32,334 --> 00:21:34,211","பாவம், அதை என்னால் சொல்ல முடியாது."
He will crucify me.,"00:21:34,419 --> 00:21:35,929",அவர் என்னை சிலுவையில் அறைவார்.
I must say...,"00:21:36,088 --> 00:21:37,547",நான் சொல்ல வேண்டும்...
Who do you think pumped her up?,"00:21:37,548 --> 00:21:40,474",அவளை உயர்த்தியது யார் என்று நினைக்கிறீர்கள்?
I'm pretty sure it was Norm. -100%.,"00:21:40,509 --> 00:21:44,471",அது இயல்பானது என்று நான் உறுதியாக நம்புகிறேன். -100%.
You two don't deserve to live. -No no. Think about that.,"00:21:44,513 --> 00:21:47,474",நீங்கள் இருவரும் வாழத் தகுதியற்றவர்கள். - இல்லை இல்லை. என்று யோசியுங்கள்.
He is the teacher's pet. He is always with her in the laboratory.,"00:21:47,516 --> 00:21:50,477",அவர் ஆசிரியரின் செல்லப்பிள்ளை. அவர் எப்போதும் அவளுடன் ஆய்வகத்தில் இருக்கிறார்.
I would kill myself. I would drink acid.,"00:21:50,519 --> 00:21:54,481",நானே கொன்றுவிடுவேன். நான் ஆசிட் குடிப்பேன்.
"Bro, you are right. He is on everyone recording. Brother, look how he's looking at her.","00:21:54,523 --> 00:21:59,486","அண்ணா நீங்கள் சொல்வது சரிதான். அவர் எல்லோர் மீதும் இருக்கிறார் பதிவு. தம்பி, அவன் அவளை எப்படிப் பார்க்கிறான் என்று பார்."
"I mean, their two avatars they were in the forest alone...","00:22:00,529 --> 00:22:05,075","அதாவது, அவர்களின் இரண்டு அவதாரங்கள் அவர்கள் தனியாக காட்டில் இருந்தார்கள்."
Bullshit! - People.,"00:22:05,117 --> 00:22:07,417",முட்டாள்தனம்! - மக்கள்.
Sometimes it's not so great know who your father is.,"00:22:07,452 --> 00:22:10,497",சில நேரங்களில் அது அவ்வளவு சிறப்பாக இருக்காது உன் தந்தை யார் என்று தெரியும்.
No preference. I don't even remember him.,"00:22:15,502 --> 00:22:18,463",விருப்பம் இல்லை. எனக்கு அவரை நினைவில் கூட இல்லை.
"No, Spider. - Mate.","00:22:18,505 --> 00:22:20,465","இல்லை, ஸ்பைடர். - தோழி."
Spiders...,"00:22:20,507 --> 00:22:23,510",சிலந்திகள்...
You are not him.,"00:22:23,545 --> 00:22:26,513",நீ அவன் இல்லை.
BRIDGEHEAD CITY,"00:22:34,479 --> 00:22:37,482",பிரிட்ஜ்ஹெட் நகரம்
Go! Straight to the terminal.,"00:23:05,511 --> 00:23:08,472",போ! நேராக முனையத்திற்கு.
Don't stop you!,"00:23:08,514 --> 00:23:11,517",உன்னைத் தடுக்காதே!
Take off the masks.,"00:23:14,520 --> 00:23:16,480",முகமூடிகளை கழற்றவும்.
"Sir, this is the general.","00:23:20,484 --> 00:23:23,487","ஐயா, இவர்தான் ஜெனரல்."
General Ardmore.,"00:23:32,496 --> 00:23:34,006",ஜெனரல் ஆர்ட்மோர்.
"I'm glad, Colonel. I've heard good things,","00:23:34,498 --> 00:23:38,460","நான் மகிழ்ச்சியடைகிறேன், கர்னல். நான் நல்ல விஷயங்களைக் கேட்டேன்,"
but a lot has changed since your last service here.,"00:23:38,502 --> 00:23:41,213",ஆனால் நிறைய மாறிவிட்டது இங்கே உங்கள் கடைசி சேவையிலிருந்து.
Take a walk with me.,"00:23:41,248 --> 00:23:42,758",என்னுடன் நடந்து செல்லுங்கள்.
The new operations center is here. It just worked.,"00:23:45,509 --> 00:23:49,471",புதிய செயல்பாட்டு மையம் இங்கே உள்ளது. அது வேலை செய்தது.
These editors can build a building in 6 days.,"00:23:49,513 --> 00:23:53,475",இந்த ஆசிரியர்களால் முடியும் 6 நாட்களில் கட்டிடம் கட்ட வேண்டும்.
We have done more in a year than for the previous 30.,"00:23:53,517 --> 00:23:58,438",ஒரு வருடத்தில் இன்னும் அதிகமாக செய்துள்ளோம் முந்தைய 30 ஐ விட.
"We're not here to run a mine, Colonel.","00:23:58,522 --> 00:24:00,691","கர்னல், சுரங்கத்தை நடத்த நாங்கள் இங்கு வரவில்லை."
As a planetary commander I have a more important mission.,"00:24:01,191 --> 00:24:04,528",கிரக தளபதியாக எனக்கு இன்னும் முக்கியமான பணி உள்ளது.
The earth is dying.,"00:24:09,491 --> 00:24:11,458",பூமி இறந்து கொண்டிருக்கிறது.
Our task is to subdue this wilderness.,"00:24:11,493 --> 00:24:15,462",நமது பணி இந்த வனப்பகுதியை அடக்க வேண்டும்.
The goal is to make Pandora a new home for humanity.,"00:24:15,497 --> 00:24:20,502",பண்டோராவை உருவாக்குவதே குறிக்கோள் மனிதகுலத்திற்கு ஒரு புதிய வீடு.
"But before we can do that, we must pacify the enemies.","00:24:21,503 --> 00:24:26,508","ஆனால் அதைச் செய்வதற்கு முன், நாம் எதிரிகளை சமாதானப்படுத்த வேண்டும்."
Sali's attacks they become bolder and more frequent.,"00:24:28,510 --> 00:24:32,472",சாலியின் தாக்குதல்கள் அவர்கள் தைரியமான மற்றும் அடிக்கடி ஆக.
His attacks are well planned.,"00:24:32,514 --> 00:24:34,398",அவரது தாக்குதல்கள் நன்கு திட்டமிடப்பட்டவை.
It has good coordination between of its ground and air troops.,"00:24:34,433 --> 00:24:37,352",இடையே நல்ல ஒருங்கிணைப்பு உள்ளது அதன் தரை மற்றும் விமானப் படைகள்.
His troops they attack our remote places.,"00:24:37,519 --> 00:24:40,112",அவரது படைகள் அவர்கள் எங்கள் தொலைதூர இடங்களைத் தாக்குகிறார்கள்.
"Mines, pipelines, cutting our supply chain.","00:24:40,147 --> 00:24:43,400","சுரங்கங்கள், குழாய்கள், எங்கள் விநியோகச் சங்கிலியை வெட்டுகிறோம்."
They attacked the maglev two days ago.,"00:24:43,525 --> 00:24:47,487",இரண்டு நாட்களுக்கு முன்பு அவர்கள் மக்லேவ் மீது தாக்குதல் நடத்தினர்.
Some information about Sally's operative base? -Yes. Show me the mountains.,"00:24:51,492 --> 00:24:56,497",சாலியின் செயல்பாட்டாளர் பற்றிய சில தகவல்கள் அடிப்படை? -ஆம். மலைகளைக் காட்டு.
It is a cave system in the Hallelujah Mountains somewhere.,"00:24:57,498 --> 00:25:00,501",இது ஒரு குகை அமைப்பு எங்கோ ஹல்லேலூஜா மலைகளில்.
"But every time we send ours troops up there, we are suffering losses.","00:25:02,503 --> 00:25:06,507","ஆனால் ஒவ்வொரு முறையும் நாங்கள் எங்களுடையதை அனுப்புகிறோம் அங்குள்ள துருப்புக்கள், நாங்கள் இழப்பை சந்திக்கிறோம்."
Our machines dig up the hornet's nest.,"00:25:07,508 --> 00:25:10,511",எங்கள் இயந்திரங்கள் ஹார்னெட்டின் கூட்டை தோண்டி எடுக்கின்றன.
After 10 minutes in the enemy airspace they overwhelm us.,"00:25:11,512 --> 00:25:15,516",எதிரியில் 10 நிமிடங்களுக்குப் பிறகு வான்வெளியில் அவர்கள் நம்மை மூழ்கடிக்கிறார்கள்.
"Colonel, we believe yours will The blue team will be accepted as the home team","00:25:17,518 --> 00:25:21,438","கர்னல், உங்கள் விருப்பம் என்று நாங்கள் நம்புகிறோம் நீல அணி சொந்த அணியாக ஏற்றுக்கொள்ளப்படும்"
and will not cause an immune response.,"00:25:21,480 --> 00:25:24,483",மற்றும் நோய் எதிர்ப்பு சக்தியை ஏற்படுத்தாது.
"And how can we test that hypothesis, general?","00:25:24,525 --> 00:25:27,486","மற்றும் நாம் எப்படி சோதிக்க முடியும் அந்த கருதுகோள், பொதுவானதா?"
In a hard way.,"00:25:28,487 --> 00:25:30,489",கடினமான வழியில்.
Excellent.,"00:25:31,490 --> 00:25:33,492",சிறப்பானது.
We are entering the hostile air space. -I understand.,"00:25:46,505 --> 00:25:50,509",நாங்கள் பகைக்குள் நுழைகிறோம் காற்று இடம். - எனக்கு புரிகிறது.
"Brother! - Come on, Monkey! - People, wait for me!","00:26:00,519 --> 00:26:03,480","தம்பி! - வா, குரங்கு! - மக்களே, எனக்காக காத்திருங்கள்!"
"Tuk, keep up. -OK OK.","00:26:40,517 --> 00:26:44,438","துக், தொடருங்கள். - சரி சரி."
"Bro, why did you even take her?","00:26:44,479 --> 00:26:46,481","அண்ணா, நீ ஏன் அவளை அழைத்துச் சென்றாய்?"
"She is a real robber. Says, ""I will say. You must not go to the battlefield.""","00:26:46,523 --> 00:26:51,486","அவள் ஒரு உண்மையான கொள்ளைக்காரி. கூறுகிறார், ""சொல்கிறேன். நீங்கள் போர்க்களத்திற்கு செல்லக்கூடாது."""
"""I'll tell mom if you don't take me."" - Don't tease her.","00:26:51,521 --> 00:26:54,364","""என்னை அழைத்துச் செல்லாவிட்டால் நான் அம்மாவிடம் சொல்கிறேன்."" - அவளை கிண்டல் செய்யாதே."
Come on. - Crazy!,"00:26:56,533 --> 00:26:59,953",வாருங்கள். - பைத்தியம்!
"Are there any corpses up there? -Brother, look at this. Come on.","00:27:01,455 --> 00:27:04,124","அங்கே ஏதாவது சடலங்கள் உள்ளனவா? - தம்பி, இதைப் பார். வாருங்கள்."
Fuck it.,"00:27:49,002 --> 00:27:50,512",ஃபக் இட்.
Curry? Kiri.,"00:28:00,514 --> 00:28:03,517",கறி? கிரி.
Kiri... Kiri.,"00:28:06,520 --> 00:28:08,480",கிரி... கிரி.
Kiri.,"00:28:10,190 --> 00:28:11,775",கிரி.
"Are you OK? - I did that again, didn't I?","00:28:15,487 --> 00:28:19,491","நீங்கள் நலமா? - நான் அதை மீண்டும் செய்தேன், இல்லையா?"
Yes you are.,"00:28:19,526 --> 00:28:21,493",ஆம் நீங்கள் தான்.
Kiri! - Kiri!,"00:28:22,494 --> 00:28:24,461",கிரி! - கிரி!
"Kiri, we have to go back. -Okay, come on.","00:28:24,496 --> 00:28:26,498","கிரி, நாம் திரும்பிச் செல்ல வேண்டும். - சரி, வா."
What is that?,"00:28:32,379 --> 00:28:34,339",அது என்ன?
We should always be at home before the eclipse.,"00:28:34,381 --> 00:28:37,384",நாம் எப்போதும் இருக்க வேண்டும் கிரகணத்திற்கு முன் வீட்டில்.