Timeline,en_dialogue,tamil_dialogue
"00:03:02,057 --> 00:03:04,016",She looks at me every day.,அவள் தினமும் என்னைப் பார்க்கிறாள்.
"00:03:04,184 --> 00:03:05,977",Mary jane Watson.,மேரி ஜேன் வாட்சன்.
"00:03:06,144 --> 00:03:10,189","Oh, boy. lf she only knew how l felt about her.","ஓ, பையன். அவளுக்கு மட்டும் தெரிந்தால் நான் அவளை எப்படி உணர்ந்தேன்."
"00:03:10,357 --> 00:03:12,149",But she can never know.,ஆனால் அவளால் அறிய முடியாது.
"00:03:12,317 --> 00:03:15,778",I made a choice once to live a life of responsibility.,நான் வாழ ஒரு முறை தேர்வு செய்தேன் பொறுப்பான வாழ்க்கை.
"00:03:15,946 --> 00:03:18,239",A life she can never be a part of.,அவள் ஒருபோதும் ஒரு பகுதியாக இருக்க முடியாத வாழ்க்கை.
"00:03:18,407 --> 00:03:19,699",Who am I?,நான் யார்?
"00:03:19,867 --> 00:03:22,451","I'm Spider-Man, given a job to do.","நான் ஸ்பைடர் மேன், செய்ய ஒரு வேலை கொடுக்கப்பட்டுள்ளது."
"00:03:22,619 --> 00:03:25,621","And l'm Peter Parker, and I, too, have a job.","நான் பீட்டர் பார்க்கர், எனக்கும் ஒரு வேலை இருக்கிறது."
"00:03:25,789 --> 00:03:27,373",Parker. Parker!,பார்க்கர். பார்க்கர்!
"00:03:27,833 --> 00:03:29,792","No, no, no, stop! Stop!","இல்லை, இல்லை, இல்லை, நிறுத்து! நிறுத்து!"
"00:03:31,211 --> 00:03:33,880","Parker, you're late, man. Always late.","பார்க்கர், நீங்கள் தாமதமாக வந்தீர்கள், நண்பரே. எப்போதும் தாமதம்."
"00:03:34,047 --> 00:03:36,966","I'm sorry, Mr. Aziz. There was a disturbance.","மன்னிக்கவும், திரு. அஜீஸ். அங்கு பரபரப்பு ஏற்பட்டது."
"00:03:37,134 --> 00:03:39,427",Another disturbance. Always a disturbance with you.,இன்னொரு தொந்தரவு. உங்களுக்கு எப்பொழுதும் தொந்தரவு.
"00:03:39,595 --> 00:03:42,388","Come on, 21 minutes ago, in comes order.","வாருங்கள், 21 நிமிடங்களுக்கு முன்பு, வரிசையில் வருகிறது."
"00:03:42,556 --> 00:03:46,142","Harmattan, Burton and Smith. Eight extra-large deep-dish pizzas.","ஹர்மட்டன், பர்டன் மற்றும் ஸ்மித். எட்டு கூடுதல் பெரிய ஆழமான டிஷ் பீஸ்ஸாக்கள்."
"00:03:46,310 --> 00:03:49,186","In eight minutes, I am defaulting on Joe's 29-minute guarantee.","எட்டு நிமிடங்களில், நான் இயல்புநிலையை இயக்குகிறேன் ஜோவின் 29 நிமிட உத்தரவாதம்."
"00:03:49,354 --> 00:03:52,315","Then, not only am I receiving no money for these pizzas...","பிறகு, நான் மட்டும் பெறவில்லை இந்த பீட்சாக்களுக்கு பணம் இல்லை..."
"00:03:52,482 --> 00:03:55,151",...but l will lose the customer forever to Pizza Yurt.,ஆனால் நான் வாடிக்கையாளரை என்றென்றும் இழப்பேன் பிஸ்ஸா யூர்ட்டுக்கு.
"00:03:55,319 --> 00:03:58,696","Look, you are my only hope, all right? You have to make it in time.","பார், நீ தான் என் நம்பிக்கை, சரியா? நீங்கள் அதை சரியான நேரத்தில் செய்ய வேண்டும்."
"00:03:58,864 --> 00:04:02,617","Peter, you're a nice guy. But you're just not dependable.","பீட்டர், நீங்கள் ஒரு நல்ல பையன். ஆனால் நீங்கள் நம்பகமானவர் அல்ல."
"00:04:02,993 --> 00:04:04,827",This is your last chance.,இது உங்களுக்கான கடைசி வாய்ப்பு.
"00:04:04,995 --> 00:04:09,749",You have to go 42 blocks in 7 1/2 minutes or your ass is fired.,நீங்கள் 42 தொகுதிகள் செல்ல வேண்டும் 7 1/2 நிமிடங்களில் அல்லது உங்கள் கழுதை சுடப்படும்.
"00:04:11,460 --> 00:04:13,336",Go!,போ!
"00:04:35,609 --> 00:04:37,193","Hey, what, are you stupid?","ஏய் என்ன, நீ முட்டாளா?"
"00:04:59,132 --> 00:05:02,301",Whoa! He stole that guy's pizzas!,ஐயோ! அவர் அந்த பையனின் பீட்சாக்களை திருடினார்!
"00:05:11,019 --> 00:05:12,603",I'm gonna get it!,நான் அதைப் பெறுகிறேன்!
"00:05:28,245 --> 00:05:30,579","Hey, you guys. No playing in the streets.","ஏய், நீங்கள். தெருக்களில் விளையாடுவதில்லை."
"00:05:30,747 --> 00:05:31,998","Yes, Mr. Spider-Man.","ஆம், மிஸ்டர் ஸ்பைடர் மேன்."
"00:05:32,290 --> 00:05:33,958",See you.,சந்திப்போம்.
"00:05:35,127 --> 00:05:36,419","Way to go, Spidey!","செல்ல வழி, ஸ்பைடி!"
"00:06:29,306 --> 00:06:31,182",Pizza time.,பீஸ்ஸா நேரம்.
"00:06:35,937 --> 00:06:37,521",You're late.,நீங்கள் தாமதமாகிவிட்டீர்கள்.
"00:06:38,482 --> 00:06:39,815",I'm not paying for those.,நான் அவற்றிற்கு பணம் செலுத்துவதில்லை.
"00:06:57,959 --> 00:06:59,835","Joe's 29-minute guarantee is a promise, man.","ஜோவின் 29 நிமிட உத்தரவாதம் ஒரு வாக்குறுதி, மனிதனே."
"00:07:03,673 --> 00:07:08,177","I know to you, Parker, a promise means nothing. But to me, it's serious.","பார்க்கர், நான் உங்களுக்கு ஒரு வாக்குறுதியை அறிவேன் எதுவும் இல்லை. ஆனால் எனக்கு அது தீவிரமானது."
"00:07:08,845 --> 00:07:10,805","It's serious to me too, Mr. Aziz.","எனக்கும் இது தீவிரமானது, திரு. அஜீஸ்."
"00:07:10,972 --> 00:07:13,474","-You're fired. Go. -Please, l need this job.","-நீ நீக்கப்பட்டாய். போ. - தயவுசெய்து, எனக்கு இந்த வேலை தேவை."
"00:07:13,642 --> 00:07:16,185","-You're fired. -Look, give me another chance.","-நீ நீக்கப்பட்டாய். - பார், எனக்கு இன்னொரு வாய்ப்பு கொடு."
"00:07:23,276 --> 00:07:24,610",You're fired.,நீங்கள் நீக்கப்பட்டீர்கள்.
"00:07:24,945 --> 00:07:26,946","-Parker, hello. You're fired. -Why?","-பார்க்கர், வணக்கம். நீங்கள் நீக்கப்பட்டீர்கள். -ஏன்?"
"00:07:27,113 --> 00:07:28,614",Dogs catching Frisbees?,ஃபிரிஸ்பீஸ் பிடிக்கும் நாய்கள்?
"00:07:28,782 --> 00:07:31,116",Pigeons in the park? A couple geezers playing chess?,பூங்காவில் புறாக்கள்? ஒரு ஜோடி கீசர்கள் செஸ் விளையாடுகிறார்களா?
"00:07:31,284 --> 00:07:32,493",-Boss. -Not now.,- முதலாளி. -இப்போது இல்லை.
"00:07:32,661 --> 00:07:35,412",The Bugle could show another side of New York for a change.,பியூகல் மற்றொரு பக்கத்தைக் காட்ட முடியும் ஒரு மாற்றத்திற்காக நியூயார்க்.
"00:07:35,580 --> 00:07:38,499","We got six minutes to deadline, Jonah. We need page one.","காலக்கெடுவுக்கு ஆறு நிமிடங்கள் உள்ளன, ஜோனா. எங்களுக்கு ஒரு பக்கம் தேவை."
"00:07:38,667 --> 00:07:42,086",I don't pay you to be a sensitive artiste. I pay you-- Still not now!,உணர்வுள்ள கலைஞராக இருப்பதற்காக நான் உங்களுக்கு பணம் கொடுக்கவில்லை. நான் உங்களுக்கு பணம் செலுத்துகிறேன் - இப்போது இல்லை!
"00:07:42,254 --> 00:07:44,839",I pay you because that psycho Spider-Man will pose for you.,அந்த சைக்கோ என்பதால் நான் உனக்கு பணம் கொடுக்கிறேன் ஸ்பைடர் மேன் உங்களுக்காக போஸ் கொடுப்பார்.
"00:07:45,006 --> 00:07:46,757",He won't let me take any more pictures.,அவர் என்னை எடுக்க விடமாட்டார் இன்னும் படங்கள்.
"00:07:46,925 --> 00:07:48,509",You turned the whole city against him.,நீங்கள் முழு நகரத்தையும் திருப்பிவிட்டீர்கள் அவனுக்கு எதிராக.
"00:07:48,677 --> 00:07:50,177",A fact l'm very proud of.,ஒரு உண்மை நான் மிகவும் பெருமைப்படுகிறேன்.
"00:07:50,345 --> 00:07:54,139",Get your pretty little portfolio off my desk before I go into a diabetic coma.,உங்கள் அழகான சிறிய போர்ட்ஃபோலியோவை என்னிடமிருந்து பெறுங்கள் நான் நீரிழிவு கோமா நிலைக்குச் செல்வதற்கு முன் மேசை.
"00:07:54,307 --> 00:07:57,643","-lt's your wife, she lost her checkbook. -Thanks for the good news.","-அவள் உன் மனைவி, அவள் காசோலை புத்தகத்தை இழந்தாள். -நல்ல செய்திக்கு நன்றி."
"00:07:57,811 --> 00:08:01,146","Please, isn't there any of these shots you can use? I need the money.",தயவு செய்து இந்த காட்சிகள் எதுவும் இல்லையா நீங்கள் பயன்படுத்த முடியுமா? எனக்கு பணம் வேண்டும்.
"00:08:02,524 --> 00:08:04,358",Miss Brant. Get me a violin.,மிஸ் பிராண்ட். எனக்கு ஒரு வயலின் கொடுங்கள்.
"00:08:04,526 --> 00:08:06,235","Five minutes to deadline, Jonah.","காலக்கெடுவுக்கு ஐந்து நிமிடங்கள், ஜோனா."
"00:08:06,403 --> 00:08:09,113",Run a picture of a rancid chicken. Here's the headline:,வெறிபிடித்த கோழியின் படத்தை இயக்கவும். இதோ தலைப்பு:
"00:08:09,281 --> 00:08:11,156","""Food Poisoning Scare Sweeps City.""","""ஃபுட் பாய்சனிங் ஸ்கேர் ஸ்வீப்ஸ் சிட்டி."""
"00:08:11,324 --> 00:08:13,659",-Some food got poisoned? -l'm a little nauseous.,- சில உணவில் விஷம் கலந்ததா? - எனக்கு கொஞ்சம் குமட்டல்.
"00:08:13,827 --> 00:08:15,661","All right, Mr. Jameson.","சரி, மிஸ்டர் ஜேம்சன்."
"00:08:17,372 --> 00:08:19,540","It stinks. Robbie, there's your page one.","துர்நாற்றம் வீசுகிறது. ராபி, உங்கள் பக்கம் ஒன்று இருக்கிறது."
"00:08:19,708 --> 00:08:21,333","""Masked Menace Terrorizes Town.""","""முகமூடி அச்சுறுத்தல் நகரத்தை அச்சுறுத்துகிறது."""
"00:08:21,501 --> 00:08:23,085","I told you, he's not a menace.","நான் சொன்னேன், அவர் ஒரு அச்சுறுத்தல் இல்லை."
"00:08:23,253 --> 00:08:24,837",-l told you-- -l'll take care of it.,நான் சொன்னேன்... - நான் பார்த்துக் கொள்கிறேன்.
"00:08:25,005 --> 00:08:26,672",-l'll give you 150. -Three hundred.,- நான் உங்களுக்கு 150 தருகிறேன். -முந்நூறு.
"00:08:27,048 --> 00:08:28,340",That's outrageous.,அது மூர்க்கத்தனமானது.
"00:08:28,508 --> 00:08:30,467",Done. Give this to the girl.,முடிந்தது. இதை பெண்ணிடம் கொடுங்கள்.
"00:08:30,635 --> 00:08:31,844",Thank you. Bye-bye.,நன்றி. விடைபெறுகிறேன்.
"00:08:32,304 --> 00:08:33,804",Hi.,வணக்கம்.
"00:08:34,014 --> 00:08:35,472","Hey, Pete.","ஏய், பீட்."
"00:08:38,435 --> 00:08:42,271",I don't think this covers the advance I gave you a couple weeks ago.,இது முன்பணத்தை உள்ளடக்கும் என்று நான் நினைக்கவில்லை இரண்டு வாரங்களுக்கு முன்பு கொடுத்தேன்.
"00:08:42,606 --> 00:08:44,565",-Right. -Sorry.,- சரி. - மன்னிக்கவும்.
"00:08:45,775 --> 00:08:47,026",Hey.,ஏய்.
"00:08:47,527 --> 00:08:49,069","Chin up, okay?","சின் அப், சரியா?"
"00:09:02,208 --> 00:09:03,667","Watch it, jerk!","அதைப் பாருங்கள், முட்டாள்!"
"00:09:14,387 --> 00:09:16,305",Dr. Connors. Sorry.,டாக்டர் கானர்ஸ். மன்னிக்கவும்.
"00:09:16,473 --> 00:09:18,015","Where were you headed, Parker?","நீங்கள் எங்கு சென்றீர்கள், பார்க்கர்?"
"00:09:18,224 --> 00:09:19,475",To your class.,உங்கள் வகுப்பிற்கு.
"00:09:19,643 --> 00:09:21,477",My class is over.,என் வகுப்பு முடிந்தது.
"00:09:21,645 --> 00:09:23,854",See me standing here?,நான் இங்கே நிற்பதைப் பார்த்தீர்களா?
"00:09:24,022 --> 00:09:27,816",I'm sorry. I'm trying. I wanna be here.,என்னை மன்னிக்கவும். நான் முயற்சி செய்கிறேன். நான் இங்கே இருக்க வேண்டும்.
"00:09:27,984 --> 00:09:29,318",Then be here.,அப்புறம் இங்கே இரு.
"00:09:30,695 --> 00:09:32,154","Look at you, Peter.","உன்னைப் பார், பீட்டர்."
"00:09:32,697 --> 00:09:37,034",Your grades have been steadily declining. You're late for class.,உங்கள் மதிப்பெண்கள் சீராக உள்ளன குறைகிறது. நீங்கள் வகுப்பிற்கு தாமதமாக வந்தீர்கள்.
"00:09:37,202 --> 00:09:40,079",You always appear exhausted.,நீங்கள் எப்பொழுதும் சோர்வுடன் காணப்படுவீர்கள்.
"00:09:41,539 --> 00:09:43,582",Your paper on fusion is still overdue.,இணைவு பற்றிய உங்கள் தாள் இன்னும் தாமதமாக உள்ளது.
"00:09:43,750 --> 00:09:46,919",I know. I'm planning to write it on Dr. Otto Octavius.,எனக்கு தெரியும். நான் அதை எழுத திட்டமிட்டுள்ளேன் டாக்டர் ஓட்டோ ஆக்டேவியஸ் மீது.
"00:09:47,087 --> 00:09:50,255",Planning is not a major at this university.,திட்டமிடல் முக்கியமல்ல இந்த பல்கலைக்கழகத்தில்.
"00:09:53,593 --> 00:09:55,594",Octavius is a friend of mine.,ஆக்டேவியஸ் என்னுடைய நண்பர்.
"00:09:55,929 --> 00:09:57,930","Better do your research, Parker.","உங்கள் ஆராய்ச்சியை மேற்கொள்வது நல்லது, பார்க்கர்."
"00:09:58,264 --> 00:10:01,433","Get it done, or I'm failing you.","அதைச் செய்யுங்கள், அல்லது நான் உங்களைத் தவறவிடுகிறேன்."
"00:10:22,789 --> 00:10:24,957",Surprise!,ஆச்சரியம்!
"00:10:25,125 --> 00:10:27,042","Well, say something.","சரி, ஏதாவது சொல்லுங்கள்."
"00:10:27,210 --> 00:10:28,460",What's the occasion?,என்ன சந்தர்ப்பம்?
"00:10:28,628 --> 00:10:31,213","Really, Peter. It's your birthday!","உண்மையில், பீட்டர். இது உங்கள் பிறந்தநாள்!"
"00:10:31,756 --> 00:10:34,550",Whether you want to remember it or not.,நீங்கள் விரும்பினாலும் சரி அதை நினைவில் கொள்ள வேண்டுமா இல்லையா.
"00:10:34,926 --> 00:10:38,220","He lives in another reality. Don't you, Pete?","அவர் வேறொரு யதார்த்தத்தில் வாழ்கிறார். இல்லையா, பீட்?"
"00:10:38,388 --> 00:10:40,305","-Hi, M.j. -Hi.","- வணக்கம், எம்.ஜே. -வணக்கம்."
"00:10:40,807 --> 00:10:42,182","-Hey, buddy. -Hey.","- ஏய், நண்பா. -ஏய்."
"00:10:42,350 --> 00:10:43,600","Long time, no see.",நெடு நாட்களாக பார்க்க வில்லை.
"00:10:44,477 --> 00:10:47,646",So how's the play? I read a great review.,அப்புறம் எப்படி நாடகம்? அருமையான விமர்சனம் படித்தேன்.
"00:10:47,814 --> 00:10:49,481",It's going fine. lt's going good.,நன்றாகப் போகிறது. நன்றாகப் போகிறது.
"00:10:49,649 --> 00:10:50,941",She's brilliant in it.,அவள் அதில் புத்திசாலி.
"00:10:51,109 --> 00:10:52,776",Harry sent me roses.,ஹாரி எனக்கு ரோஜாக்களை அனுப்பினார்.
"00:10:52,944 --> 00:10:55,487","So where you been, pal? You don't return my calls.","நீங்கள் எங்கே இருந்தீர்கள், நண்பரே? என் அழைப்புகளை நீங்கள் திருப்பி அனுப்பவில்லை."
"00:10:56,990 --> 00:10:58,824",I've been busy.,நான் பிஸியாக இருந்தேன்.
"00:10:58,992 --> 00:11:02,578",Taking pictures of Spider-Man? How's the bug these days?,ஸ்பைடர் மேனின் படங்களை எடுக்கிறீர்களா? இந்த நாட்களில் பிழை எப்படி இருக்கிறது?
"00:11:02,746 --> 00:11:04,705","The less you see of that man, the better.","அந்த மனிதனை நீங்கள் குறைவாகப் பார்க்கிறீர்கள், சிறந்த."
"00:11:04,873 --> 00:11:08,333","Now, let's all go into the other room and have something to eat.","இப்போது, ​​அனைவரும் மற்ற அறைக்குள் செல்வோம் மற்றும் ஏதாவது சாப்பிட வேண்டும்."
"00:11:08,501 --> 00:11:09,793",I'll get the hors d'oeuvres.,நான் ஹார்ஸ் டி'ஓயூவ்ரஸைப் பெறுவேன்.
"00:11:09,961 --> 00:11:12,087",So how are things going at Oscorp?,ஆஸ்கார்ப்பில் விஷயங்கள் எப்படி நடக்கிறது?
"00:11:12,255 --> 00:11:15,132",They're great. I'm head of Special Projects.,அவர்கள் மிகவும் அருமையானவர்கள். நான் சிறப்புத் திட்டங்களின் தலைவர்.
"00:11:15,300 --> 00:11:17,509",We're about to make a breakthrough on fusion.,நாங்கள் உருவாக்க உள்ளோம் இணைவில் ஒரு திருப்புமுனை.
"00:11:17,677 --> 00:11:21,805","How lovely, Harry. Your father would be so proud, rest his soul.","எவ்வளவு அருமை, ஹாரி. உங்கள் தந்தை மிகவும் பெருமையாக இருக்கும், அவரது ஆன்மா சாந்தியடையும்."
"00:11:21,973 --> 00:11:23,265",Thank you.,நன்றி.
"00:11:23,683 --> 00:11:27,436","We're actually funding one of your idols, Pete. Otto Octavius.","நாங்கள் உண்மையில் நிதியளிக்கிறோம் உங்கள் சிலைகளில் ஒன்று, பீட். ஓட்டோ ஆக்டேவியஸ்."
"00:11:27,604 --> 00:11:30,022",-l'm writing a paper on him. -You want to meet him?,- நான் அவரைப் பற்றி ஒரு காகிதத்தை எழுதுகிறேன். - நீங்கள் அவரை சந்திக்க விரும்புகிறீர்களா?
"00:11:30,190 --> 00:11:31,482",You'd introduce me?,நீங்கள் என்னை அறிமுகப்படுத்துவீர்களா?
"00:11:31,649 --> 00:11:34,860",You bet. Octavius is gonna put Oscorp on the map...,நீங்கள் பந்தயம் கட்டுகிறீர்கள். ஆக்டேவியஸ் ஆகும் ஆஸ்கார்ப்பை வரைபடத்தில் வைக்கப் போகிறேன்...
"00:11:35,028 --> 00:11:37,029",...in a way my father never even dreamed of.,ஒரு விதத்தில் என் அப்பா கனவில் கூட நினைத்ததில்லை.
"00:11:37,197 --> 00:11:39,156","M.j., could you give me a hand?","எம்.ஜே., எனக்கு ஒரு கை கொடுக்க முடியுமா?"
"00:11:41,534 --> 00:11:43,118","She's waiting for you, pal.","அவள் உனக்காக காத்திருக்கிறாள், நண்பா."
"00:11:43,828 --> 00:11:45,037",What do you mean?,நீங்கள் என்ன சொல்கிறீர்கள்?
"00:11:45,205 --> 00:11:47,706",The way she looks at you or doesn't look at you.,அவள் உன்னைப் பார்க்கும் விதம் அல்லது உன்னை பார்க்கவில்லை.
"00:11:48,249 --> 00:11:49,625",However you want to look at it.,இருப்பினும் நீங்கள் அதைப் பார்க்க வேண்டும்.
"00:11:49,959 --> 00:11:52,127",I don't have time for girls right now.,எனக்கு இப்போது பெண்களுக்கு நேரமில்லை.
"00:11:52,295 --> 00:11:53,629","Why, are you dead?","ஏன், நீங்கள் இறந்துவிட்டீர்களா?"
"00:11:53,797 --> 00:11:55,297",I've been kind of busy.,நான் கொஞ்சம் பிஸியாக இருந்தேன்.
"00:11:55,548 --> 00:11:57,174",Taking pictures of your friend?,உங்கள் நண்பரின் படங்களை எடுக்கிறீர்களா?
"00:11:58,635 --> 00:12:00,177",Could we get off that subject?,நாம் அந்த விஷயத்திலிருந்து விடுபட முடியுமா?
"00:12:00,678 --> 00:12:03,680","I want us to be friends, Harry. I want us to trust each other.","நாங்கள் நண்பர்களாக இருக்க வேண்டும் என்று நான் விரும்புகிறேன், ஹாரி. நாம் ஒருவரையொருவர் நம்ப வேண்டும் என்று நான் விரும்புகிறேன்."
"00:12:03,848 --> 00:12:05,474",Then be honest with me.,பிறகு என்னுடன் நேர்மையாக இருங்கள்.
"00:12:05,975 --> 00:12:08,352","If you knew who he was, would you tell me?","அவர் யார் என்று தெரிந்தால், நீ என்னிடம் சொல்வாயா?"
"00:12:31,960 --> 00:12:33,460",May.,மே.
"00:12:33,628 --> 00:12:35,170","Oh, what, Ben?","ஓ, என்ன, பென்?"
"00:12:36,506 --> 00:12:38,465",Wait.,காத்திரு.
"00:12:38,675 --> 00:12:40,092","-Aunt May. -Oh, my.","-அத்தை மே. - ஓ, என்."
"00:12:40,510 --> 00:12:45,722","Oh, Peter. Oh, for a second there, I thought I was years ago.","ஓ, பீட்டர். ஓ, ஒரு நொடி அங்கே, நான் பல ஆண்டுகளுக்கு முன்பு என்று நினைத்தேன்."
"00:12:47,934 --> 00:12:49,852","Everybody's gone, aren't they?","எல்லோரும் போய்விட்டார்கள், இல்லையா?"
"00:12:50,311 --> 00:12:51,979",Did they have a good time?,அவர்களுக்கு நல்ல நேரம் கிடைத்ததா?
"00:12:52,480 --> 00:12:53,730",I'm sure they did.,அவர்கள் செய்தார்கள் என்று நான் உறுதியாக நம்புகிறேன்.
"00:12:55,567 --> 00:12:59,403",-You okay? -Of course. But you go home.,- நீங்கள் நலமா? -நிச்சயமாக. ஆனால் நீ வீட்டுக்கு போ.
"00:13:00,029 --> 00:13:05,200",And be careful. l don't like that scooter thing you drive around.,மற்றும் கவனமாக இருங்கள். எனக்கு அது பிடிக்கவில்லை நீங்கள் ஓட்டும் ஸ்கூட்டர் பொருள்.
"00:13:05,952 --> 00:13:07,161",I'm worried about you.,நான் உன்னைப் பற்றி கவலைப்படுகிறேன்.
"00:13:07,579 --> 00:13:12,541",You're so alone. And l saw the letter from the bank.,நீங்கள் தனியாக இருக்கிறீர்கள். நான் வங்கியிலிருந்து கடிதத்தைப் பார்த்தேன்.
"00:13:12,709 --> 00:13:15,169","Oh, my. You did?","ஓ, என். நீ செய்தாய்?"
"00:13:15,670 --> 00:13:17,004","Oh, well.",அப்படியா நல்லது.
"00:13:17,172 --> 00:13:18,589",So?,அதனால்?
"00:13:19,174 --> 00:13:20,841",I'm a little behind.,நான் கொஞ்சம் பின் தங்கி இருக்கிறேன்.
"00:13:21,843 --> 00:13:23,552",Everybody is.,எல்லோரும் தான்.
"00:13:24,220 --> 00:13:27,222","Anyway, I don't want to talk about it anymore.","ஆனா, எனக்கு வேண்டாம் இனி அதை பற்றி பேச."
"00:13:27,390 --> 00:13:31,101","I'm tired, and you better start back home.","நான் சோர்வாக இருக்கிறேன், நீங்கள் வீட்டிற்குத் திரும்புவது நல்லது."
"00:13:32,896 --> 00:13:35,397","Here, kiddo. Happy birthday.","இதோ, குட்டி. பிறந்தநாள் வாழ்த்துக்கள்."
"00:13:35,773 --> 00:13:37,399",You need it more than I do.,என்னை விட உங்களுக்கு இது தேவை.
"00:13:37,567 --> 00:13:40,068","-No, I can't take that from you. -Yes, you can!","- இல்லை, என்னால் அதை உங்களிடமிருந்து எடுக்க முடியாது. -ஆமாம் உன்னால் முடியும்!"
"00:13:40,236 --> 00:13:42,279",You can take this money from me.,இந்த பணத்தை நீங்கள் என்னிடம் இருந்து எடுக்கலாம்.
"00:13:42,447 --> 00:13:45,199","For God's sake, it's not much. Now, take it!","கடவுளின் பொருட்டு, அது அதிகம் இல்லை. இப்போது, ​​அதை எடுத்துக்கொள்!"
"00:13:45,366 --> 00:13:47,868",And don't you dare leave it here.,நீங்கள் அதை இங்கே விட்டுவிட தைரியம் இல்லை.
"00:13:48,036 --> 00:13:49,953","Oh, l'm sorry.","ஓ, மன்னிக்கவும்."
"00:13:51,164 --> 00:13:54,708",It's just that l miss your uncle Ben so much.,நான் மிஸ் பண்ணுவது தான் உங்கள் மாமா பென் மிகவும்.
"00:13:56,836 --> 00:14:01,757",Can you believe that it's two years next month since he was taken?,இரண்டு வருடங்கள் என்றால் நம்ப முடிகிறதா அவர் எடுக்கப்பட்டதிலிருந்து அடுத்த மாதம்?
"00:14:04,093 --> 00:14:06,303",I think to myself at times...,சில சமயங்களில் நானே நினைத்துக் கொள்கிறேன்...
"00:14:07,472 --> 00:14:11,767","...were I to face the one responsible for what happened, l'd....","... பொறுப்பானவரை நான் எதிர்கொள்ள வேண்டுமா? என்ன நடந்தது என்பதற்காக, நான்...."
"00:14:12,810 --> 00:14:14,853","Oh, l don't know what l'd do.","ஓ, நான் என்ன செய்வேன் என்று எனக்குத் தெரியவில்லை."
"00:14:21,402 --> 00:14:22,986",Now...,இப்போது...
"00:14:24,906 --> 00:14:27,616",...you better take the rest of your cake home.,... நீங்கள் எடுத்துக்கொள்வது நல்லது உங்கள் கேக் வீட்டில் மீதமுள்ளவை.
"00:14:44,008 --> 00:14:46,176",Hey. You're still here.,ஏய். நீங்கள் இன்னும் இங்கே இருக்கிறீர்கள்.
"00:14:47,261 --> 00:14:48,929",I saw your billboard on Bleecker.,ப்ளீக்கரில் உங்கள் விளம்பரப் பலகையைப் பார்த்தேன்.
"00:14:49,138 --> 00:14:52,391",Isn't it funny? I'm really kind of embarrassed.,வேடிக்கையாக இல்லையா? நான் உண்மையிலேயே வெட்கப்படுகிறேன்.
"00:14:52,558 --> 00:14:56,645",Don't be. lt's nice. I get to see you every day now.,இருக்காதே. நன்றாக இருக்கிறது. இனி தினமும் உன்னைப் பார்க்கிறேன்.
"00:14:59,357 --> 00:15:01,692","I liked seeing you tonight, Peter.","இன்றிரவு உன்னைப் பார்த்தது எனக்குப் பிடித்திருந்தது, பீட்டர்."
"00:15:03,945 --> 00:15:05,696","Oh, boy, yeah.","ஓ, பையன், ஆமாம்."
"00:15:06,322 --> 00:15:09,282","""Oh, boy, yeah"" what?","""ஓ, பையன், ஆமாம்"" என்ன?"
"00:15:13,788 --> 00:15:15,455",Nothing.,ஒன்றுமில்லை.
"00:15:19,711 --> 00:15:21,670",Do you want to say something?,நீங்கள் ஏதாவது சொல்ல விரும்புகிறீர்களா?
"00:15:27,677 --> 00:15:29,261",I...,நான்...
"00:15:35,184 --> 00:15:36,476",...was...,... இருந்தது...
"00:15:37,478 --> 00:15:40,731",...wondering if you're still in the Village.,... நீங்கள் இன்னும் இருக்கிறீர்களா என்று ஆச்சரியமாக இருக்கிறது கிராமத்தில்.
"00:15:49,866 --> 00:15:51,908",You're such a mystery.,நீங்கள் ஒரு மர்மம்.
"00:16:02,170 --> 00:16:03,962",Peter.,பீட்டர்.
"00:16:05,381 --> 00:16:06,882",What?,என்ன?
"00:16:11,888 --> 00:16:13,597",Happy birthday.,பிறந்தநாள் வாழ்த்துக்கள்.
"00:16:22,273 --> 00:16:24,441",I'm seeing somebody now.,நான் இப்போது ஒருவரைப் பார்க்கிறேன்.
"00:16:25,068 --> 00:16:27,444","You mean, like a boyfriend?",காதலனைப் போல என்கிறீர்களா?
"00:16:27,612 --> 00:16:30,280","Well, like I like him.","சரி, நான் அவரை விரும்புகிறேன் போல."
"00:16:38,081 --> 00:16:41,333","That's good, you know? Companionship....","அது நல்லது, தெரியுமா? தோழமை...."
"00:16:43,044 --> 00:16:44,711",May be more than that.,அதைவிட அதிகமாக இருக்கலாம்.
"00:16:45,797 --> 00:16:47,380",More?,மேலும்?
"00:16:48,091 --> 00:16:49,549",I don't know.,எனக்கு தெரியாது.
"00:16:50,885 --> 00:16:53,095",I'm coming to see your play tomorrow night.,உங்கள் நாடகத்தைப் பார்க்க வருகிறேன் நாளை இரவு.
"00:16:56,140 --> 00:16:59,101",-You're coming? -l'll be there.,- நீங்கள் வருகிறீர்களா? - நான் அங்கே இருப்பேன்.
"00:17:00,103 --> 00:17:01,770",Don't disappoint me.,என்னை ஏமாற்ற வேண்டாம்.
"00:17:03,231 --> 00:17:04,898",I won't.,நான் மாட்டேன்.
"00:17:19,080 --> 00:17:20,622",Rent.,வாடகை.
"00:17:24,460 --> 00:17:27,129","-Hi. -Hi. What's ""hi""?","-வணக்கம். -வணக்கம். ""ஹாய்"" என்றால் என்ன?"
"00:17:27,296 --> 00:17:28,797",Can l spend it?,நான் செலவு செய்யலாமா?
"00:17:29,549 --> 00:17:31,466",I have a paycheck due this week and--,எனக்கு இந்த வாரம் சம்பளம் பாக்கி இருக்கிறது மற்றும்--
"00:17:31,634 --> 00:17:34,970",-You're a month late again. Again. -l promise as soon as--,- நீங்கள் மீண்டும் ஒரு மாதம் தாமதமாகிவிட்டீர்கள். மீண்டும். - நான் விரைவில் உறுதியளிக்கிறேன் --
"00:17:35,263 --> 00:17:38,640","If promises were crackers, my daughter would be fat.","வாக்குறுதிகள் பட்டாசு என்றால், என் மகள் குண்டாக இருப்பாள்."
"00:17:39,225 --> 00:17:43,728","I'm really sorry, Mr. Ditkovitch. All I got is this 20 for the rest of the week.","நான் மிகவும் வருந்துகிறேன், திரு. டிட்கோவிச். அனைத்து வாரம் முழுவதும் இந்த 20 தான் கிடைத்தது."
"00:17:44,397 --> 00:17:45,939","""Sorry"" doesn't pay the rent.","""மன்னிக்கவும்"" வாடகை செலுத்தவில்லை."
"00:17:46,107 --> 00:17:50,986",And don't try to sneak past me. I have ears like a cat and eyes like a rodent.,மேலும் என்னைக் கடந்து செல்ல முயற்சிக்காதீர்கள். என்னிடம் உள்ளது பூனை போன்ற காதுகள் மற்றும் ஒரு கொறித்துண்ணி போன்ற கண்கள்.
"00:17:52,655 --> 00:17:55,532","-Thanks, Mr. Ditkovitch. -Hi, Pete.","-நன்றி, திரு. டிட்கோவிச். - ஹாய், பீட்."
"00:18:42,371 --> 00:18:43,955",Hello?,வணக்கம்?
"00:18:51,339 --> 00:18:53,048",Rent?,வாடகை?
"00:18:58,137 --> 00:19:00,513",Doctor? Mr. Osborn's here.,டாக்டரா? திரு. ஆஸ்போர்ன் இங்கே இருக்கிறார்.
"00:19:00,681 --> 00:19:04,559","Nobel Prize, Otto. Nobel Prize. And we'll all be rich.","நோபல் பரிசு, ஓட்டோ. நோபல் பரிசு. நாம் அனைவரும் பணக்காரர்களாக இருப்போம்."
"00:19:04,894 --> 00:19:06,519","It's not about the prizes, Harry.","இது பரிசுகளைப் பற்றியது அல்ல, ஹாரி."
"00:19:06,687 --> 00:19:08,480",But you need money. You need Oscorp.,ஆனால் பணம் வேண்டும். உங்களுக்கு ஆஸ்கார்ப் தேவை.
"00:19:08,648 --> 00:19:09,940",Who do we have here?,நாம் இங்கே யார் இருக்கிறார்கள்?
"00:19:10,107 --> 00:19:11,858",This is my good friend I called you about.,இவர் என் நல்ல நண்பர் நான் உன்னை பற்றி அழைத்தேன்.
"00:19:12,026 --> 00:19:13,693",He got me through high-school science.,அவர் என்னை கடந்து சென்றார் உயர்நிலைப் பள்ளி அறிவியல்.
"00:19:13,861 --> 00:19:16,863","Peter Parker, sir. I'm writing a paper on you for--","பீட்டர் பார்க்கர், சார். நான் உங்களுக்காக ஒரு காகிதத்தை எழுதுகிறேன் -"
"00:19:17,031 --> 00:19:18,448",I know what you're doing here...,நீ இங்கே என்ன செய்கிறாய் என்று எனக்குத் தெரியும்...
"00:19:18,616 --> 00:19:20,909",...but l don't have time to talk to students now.,ஆனால் எனக்கு நேரமில்லை இப்போது மாணவர்களுடன் பேச வேண்டும்.
"00:19:21,869 --> 00:19:23,703","But Oscorp pays the bills, so....","ஆனால் ஆஸ்கார்ப் பில்களை செலுத்துகிறது, அதனால்...."
"00:19:23,871 --> 00:19:26,206",That's why I have to take off. Board meeting.,அதனால்தான் நான் புறப்பட வேண்டும். நிருவாகசபை கூட்டம்.
"00:19:26,374 --> 00:19:29,751",But my job is done here. Got you two geniuses together.,ஆனால் என் வேலை இங்கே முடிந்தது. உங்கள் இரண்டு மேதைகளை ஒன்றாக இணைத்துள்ளீர்கள்.
"00:19:29,919 --> 00:19:34,506","Good luck tomorrow, Otto. Nobel Prize. We'll see you in Sweden!","நாளை நல்ல அதிர்ஷ்டம், ஓட்டோ. நோபல் பரிசு. ஸ்வீடனில் சந்திப்போம்!"
"00:19:37,218 --> 00:19:38,718","Interesting fellow, your friend.","சுவாரஸ்யமான தோழர், உங்கள் நண்பர்."
"00:19:39,345 --> 00:19:41,012",I won't take much of your time.,நான் உங்கள் நேரத்தை அதிகம் எடுத்துக்கொள்ள மாட்டேன்.
"00:19:41,180 --> 00:19:45,558",Now I remember you. You're Connors' student. He tells me you're brilliant.,இப்போது நான் உன்னை நினைவுகூர்கிறேன். நீங்கள் கானர்ஸ்' மாணவர். நீங்கள் புத்திசாலி என்று அவர் என்னிடம் கூறுகிறார்.
"00:19:46,352 --> 00:19:48,436",He also tells me you're lazy.,நீ சோம்பேறியாக இருக்கிறாய் என்றும் சொல்கிறார்.
"00:19:49,438 --> 00:19:50,689",I'm trying to do better.,நான் சிறப்பாக செய்ய முயற்சிக்கிறேன்.
"00:19:50,856 --> 00:19:54,442","Being brilliant's not enough, young man. You have to work hard.","புத்திசாலித்தனமாக இருப்பது போதாது, இளைஞன். கடினமாக உழைக்க வேண்டும்."
"00:19:54,777 --> 00:19:57,946","Intelligence is not a privilege, it's a gift.","புலனாய்வு என்பது ஒரு பாக்கியம் அல்ல, அது ஒரு பரிசு."
"00:19:58,114 --> 00:20:00,282",And you use it for the good of mankind.,மற்றும் நீங்கள் அதை பயன்படுத்த மனிதகுலத்தின் நன்மைக்காக.
"00:20:00,449 --> 00:20:01,908",You want to try it back there?,அங்கு மீண்டும் முயற்சிக்க விரும்புகிறீர்களா?
"00:20:02,743 --> 00:20:04,286",So is that it?,அப்படியானால் அதுவா?
"00:20:04,453 --> 00:20:08,873",Yes. My design to initiate and sustain fusion.,ஆம். தொடங்குவதற்கான எனது வடிவமைப்பு மற்றும் இணைவைத் தக்கவைக்கும்.
"00:20:09,292 --> 00:20:12,168",I understand you use harmonics of atomic frequencies.,நீங்கள் ஹார்மோனிக்ஸ் பயன்படுத்துகிறீர்கள் என்பது எனக்குப் புரிகிறது அணு அதிர்வெண்கள்.
"00:20:12,336 --> 00:20:13,712",Sympathetic frequencies.,அனுதாப அலைவரிசைகள்.
"00:20:13,879 --> 00:20:15,922",Harmonic reinforcement?,ஹார்மோனிக் வலுவூட்டல்?
"00:20:16,257 --> 00:20:17,966",Go on.,தொடருங்கள்.
"00:20:18,551 --> 00:20:22,095",An exponential increase in energy output.,ஒரு அதிவேக அதிகரிப்பு ஆற்றல் வெளியீட்டில்.
"00:20:22,263 --> 00:20:23,930",A huge amount of energy.,ஒரு பெரிய அளவு ஆற்றல்.
"00:20:24,098 --> 00:20:28,268",Like a perpetual sun providing renewable power for the whole world.,ஒரு நிரந்தர சூரியன் வழங்குவது போல உலகம் முழுவதும் புதுப்பிக்கத்தக்க ஆற்றல்.
"00:20:28,436 --> 00:20:31,646",Are you sure you could stabilise the fusion reaction?,நீங்கள் உறுதியாக இருக்க முடியும் இணைவு எதிர்வினை?
"00:20:31,814 --> 00:20:35,150","Peter, what have we been talking about for the last hour and a half?","பீட்டர், என்ன பேசிக்கொண்டிருக்கிறோம் கடந்த ஒன்றரை மணி நேரம் பற்றி?"
"00:20:35,818 --> 00:20:37,652",This is my life's work.,இது என் வாழ்க்கையின் வேலை.
"00:20:37,945 --> 00:20:41,156",I certainly know the consequences of the slightest miscalculation.,பின்விளைவுகளை நான் நிச்சயமாக அறிவேன் சிறிய தவறான கணக்கீடு.
"00:20:41,324 --> 00:20:43,616",I'm sorry. I didn't mean to question you.,என்னை மன்னிக்கவும். நான் உன்னைக் கேள்வி கேட்க விரும்பவில்லை.
"00:20:43,784 --> 00:20:47,162","Rosie, our new friend thinks I'm gonna blow up the city.","ரோஸி, எங்கள் புதிய தோழி நினைக்கிறாள் நான் நகரத்தை வெடிக்கச் செய்வேன்."
"00:20:47,330 --> 00:20:49,164",You can sleep soundly tonight.,இன்றிரவு நீங்கள் நிம்மதியாக தூங்கலாம்.
"00:20:49,332 --> 00:20:51,041",Otto's done his homework.,ஓட்டோ தனது வீட்டுப்பாடத்தை முடித்தார்.
"00:20:51,208 --> 00:20:54,336","Come to the demonstration tomorrow, and you'll see for yourself.",நாளை ஆர்ப்பாட்டத்திற்கு வாருங்கள். மற்றும் நீங்களே பார்ப்பீர்கள்.
"00:20:54,795 --> 00:20:57,005","And you need to sleep soundly tonight, Otto.","மற்றும் உங்களுக்கு வேண்டும் இன்றிரவு நன்றாக தூங்க, ஓட்டோ."
"00:20:57,173 --> 00:20:59,341",Did Edison sleep before he turned on the light?,எடிசன் தூங்கினாரா? அவர் விளக்கை ஏற்றுவதற்கு முன்?
"00:20:59,800 --> 00:21:02,135",Did Marconi sleep before he turned on the radio?,மார்கோனி தூங்கினாரா அவர் வானொலியை இயக்குவதற்கு முன்?
"00:21:02,303 --> 00:21:04,429",Did Beethoven sleep before he wrote the 5th?,பீத்தோவன் தூங்கினாரா? அவர் 5 வது எழுதுவதற்கு முன்?
"00:21:04,597 --> 00:21:07,891",Did Bernoulli sleep before he found the curves of quickest descent?,பெர்னூலி அவர் கண்டுபிடிக்கும் முன் தூங்கினாரா? விரைவான வம்சாவளியின் வளைவுகள்?
"00:21:08,059 --> 00:21:10,560","Rosie, l love this boy.","ரோஸி, நான் இந்த பையனை விரும்புகிறேன்."
"00:21:10,728 --> 00:21:14,522","Peter, tell us about yourself. Do you have a girlfriend?","பீட்டர், உங்களைப் பற்றி எங்களிடம் கூறுங்கள். உனக்கு காதலி இருக்கிறாளா?"
"00:21:15,566 --> 00:21:17,150",Well....,சரி....
"00:21:18,235 --> 00:21:19,652",I don't really know.,எனக்கு உண்மையில் தெரியாது.
"00:21:19,820 --> 00:21:22,906","Well, shouldn't you know? I mean, who would know?","சரி, உங்களுக்குத் தெரிய வேண்டாமா? அதாவது, யாருக்குத் தெரியும்?"
"00:21:23,157 --> 00:21:26,117",Leave him alone. Maybe it's a secret love.,அவனை விட்டுவிடு. ஒருவேளை அது ரகசிய காதலாக இருக்கலாம்.
"00:21:26,285 --> 00:21:28,203",Love should never be a secret.,காதல் ஒருபோதும் ரகசியமாக இருக்கக்கூடாது.
"00:21:28,371 --> 00:21:31,623",If you keep something as complicated as love stored up inside...,நீங்கள் சிக்கலான ஒன்றை வைத்திருந்தால் உள்ளுக்குள் காதல் சேமித்து வைத்தது போல...
"00:21:32,375 --> 00:21:34,000",...gonna make you sick.,...உன்னை நோயுறச் செய்யும்.
"00:21:34,585 --> 00:21:36,419",I finally got lucky in love.,கடைசியில் காதலில் எனக்கு அதிர்ஷ்டம் கிடைத்தது.
"00:21:36,587 --> 00:21:37,921",We both did.,நாங்கள் இருவரும் செய்தோம்.
"00:21:38,089 --> 00:21:41,800",But it's hardly perfect. You have to work at it.,ஆனால் அது அரிதாகவே சரியானது. நீங்கள் அதில் வேலை செய்ய வேண்டும்.
"00:21:41,967 --> 00:21:45,678","I met him on the college steps, and l knew it wasn't going to be easy.",கல்லூரி படிக்கட்டில் அவரை சந்தித்தேன். அது எளிதாக இருக்காது என்று எனக்குத் தெரியும்.
"00:21:45,846 --> 00:21:49,099","He was studying science, and l was studying English literature.","அவர் அறிவியல் படித்தார், நான் ஆங்கில இலக்கியம் படித்துக் கொண்டிருந்தேன்."
"00:21:49,266 --> 00:21:52,435",That's right. l was trying to explain the theory of relativity.,அது சரி. நான் விளக்க முயன்றேன் சார்பியல் கோட்பாடு.
"00:21:52,603 --> 00:21:55,105",And Rosie was trying to explain T.S. Eliot.,ரோஸி முயற்சி செய்து கொண்டிருந்தாள் விளக்க டி.எஸ். எலியட்.
"00:21:56,399 --> 00:21:58,358",I still don't understand what he was talking about.,எனக்கு இன்னும் புரியவில்லை அவர் என்ன பேசினார்.
"00:21:58,526 --> 00:21:59,734","-Yes, you do. -l'm serious.",-சரி நீங்கள் செய்யுங்கள். - நான் தீவிரமாக இருக்கிறேன்.
"00:21:59,902 --> 00:22:03,446",T.S. Eliot is more complicated than advanced science.,டி.எஸ். எலியட் மிகவும் சிக்கலானவர் மேம்பட்ட அறிவியலை விட.
"00:22:04,031 --> 00:22:07,951","But if you want to get a woman to fall in love with you, feed her poetry.","ஆனால் நீங்கள் ஒரு பெண்ணை வீழ்த்த விரும்பினால் உன்னை காதலிக்கிறேன், அவள் கவிதைகளை ஊட்டி."
"00:22:08,411 --> 00:22:09,619",Poetry.,கவிதை.
"00:22:11,080 --> 00:22:12,288",Never fails.,ஒருபோதும் தோல்வியடையாது.
"00:22:16,919 --> 00:22:19,838",A tall and slender maiden All alone upon a prairie,ஒரு உயரமான மற்றும் மெல்லிய கன்னி புல்வெளியில் தனியாக
"00:22:20,005 --> 00:22:22,382",Brightest green were all her garments,பிரகாசமான பச்சை நிறமே அவளுடைய ஆடைகள்
"00:22:22,550 --> 00:22:24,926",And her hair was like the sunshine,அவளுடைய தலைமுடி சூரிய ஒளியைப் போல இருந்தது
"00:22:25,302 --> 00:22:27,971",Day by day he gazed upon her,நாளுக்கு நாள் அவளைப் பார்த்தான்
"00:23:25,196 --> 00:23:26,863",Rent!,வாடகை!
"00:23:28,741 --> 00:23:30,450",Where is my money?!,என் பணம் எங்கே?!
"00:23:56,101 --> 00:23:58,394",You seem jittery tonight.,இன்றிரவு நீங்கள் பதற்றமாக இருப்பதாகத் தெரிகிறது.
"00:23:58,562 --> 00:24:00,230",You never know who's coming.,யார் வருகிறார்கள் என்று உங்களுக்குத் தெரியாது.
"00:24:15,704 --> 00:24:18,665","Ladies, five minutes. Five minutes.","பெண்களே, ஐந்து நிமிடங்கள். ஐந்து நிமிடங்கள்."
"00:24:35,849 --> 00:24:37,183",How'd you do that?,நீங்கள் அதை எப்படி செய்தீர்கள்?
"00:24:40,187 --> 00:24:42,564","Work out, plenty of rest.","உடற்பயிற்சி, நிறைய ஓய்வு."
"00:24:42,731 --> 00:24:44,524","You know, eat your green vegetables.","உங்களுக்கு தெரியும், உங்கள் பச்சை காய்கறிகளை சாப்பிடுங்கள்."
"00:24:45,442 --> 00:24:48,945",That's what my mom is always saying. I just never actually believed her.,என் அம்மா எப்பொழுதும் சொல்வது இதைத்தான். நான் அவளை ஒருபோதும் நம்பவில்லை.
"00:24:51,740 --> 00:24:53,116",Come on. Go.,வா. போ.
"00:24:56,036 --> 00:24:57,453",Keep it steady.,அதை நிலையாக வைத்திருங்கள்.
"00:25:19,977 --> 00:25:21,477",It's a web.,இது ஒரு வலை.
"00:25:22,605 --> 00:25:24,314","Go, Spidey, go!","போ, ஸ்பைடி, போ!"
"00:25:32,323 --> 00:25:33,656",We got trouble!,எங்களுக்கு சிக்கல்!
"00:25:52,259 --> 00:25:54,218",Get me down!,என்னை வீழ்த்து!
"00:25:54,928 --> 00:25:57,764",I am more than content with what Mr. Moncrieff said.,நான் உள்ளடக்கத்தை விட அதிகம் திரு. Moncreeff சொன்னதுடன்.
"00:25:57,931 --> 00:26:01,225",His voice alone inspires one with absolute credulity.,அவரது குரல் மட்டுமே ஒருவரை ஊக்குவிக்கிறது முழுமையான நம்பகத்தன்மையுடன்.
"00:26:01,393 --> 00:26:03,519",Then you think we should forgive them?,பிறகு நாங்கள் வேண்டும் என்று நினைக்கிறீர்கள் அவர்களை மன்னிக்கவா?
"00:26:06,398 --> 00:26:08,066",Yes.,ஆம்.
"00:26:08,567 --> 00:26:10,068","I mean, no.","அதாவது, இல்லை."
"00:26:14,365 --> 00:26:18,660","Hey. Hey. Hey, chief. You park there, I'm towing it.","ஏய். ஏய். ஏய், தலைவரே. நீ அங்கே நிறுத்து, நான் இழுத்து வருகிறேன்."
"00:26:19,328 --> 00:26:20,662",Whatever.,எதுவாக.