Timeline,en_dialogue,kannada_dialogue
"00:01:25,836 --> 00:01:27,920",Ronson's down.,ರಾನ್ಸನ್ ಡೌನ್.
"00:01:28,088 --> 00:01:29,589",He needs medical evac.,ಅವನಿಗೆ ವೈದ್ಯಕೀಯ ಇವಾಕ್ ಅಗತ್ಯವಿದೆ.
"00:01:29,673 --> 00:01:31,424",M (OVER EARPIECE): Where is it? Is it there?,ಎಂ (ಓವರ್ ಇಯರ್‌ಪೀಸ್): ಅದು ಎಲ್ಲಿದೆ? ಅದು ಇದೆಯೇ?
"00:01:31,508 --> 00:01:32,508",Hard drive's gone.,ಹಾರ್ಡ್ ಡ್ರೈವ್ ಹೋಗಿದೆ.
"00:01:33,177 --> 00:01:34,510",M: Are you sure?,ಎಂ: ನಿಮಗೆ ಖಚಿತವಾಗಿದೆಯೇ?
"00:01:38,056 --> 00:01:39,474",It's gone. Give me a minute.,ಅದು ಹೋಗಿದೆ. ನನಗೆ ಒಂದು ನಿಮಿಷ ನೀಡಿ.
"00:01:39,600 --> 00:01:41,517",They must have it. Get after them.,ಅವರು ಅದನ್ನು ಹೊಂದಿರಬೇಕು. ಅವರ ನಂತರ ಪಡೆಯಿರಿ.
"00:01:46,398 --> 00:01:47,523",I'm stabilizing Ronson.,ನಾನು ರಾನ್ಸನ್‌ನನ್ನು ಸ್ಥಿರಗೊಳಿಸುತ್ತಿದ್ದೇನೆ.
"00:01:47,691 --> 00:01:48,858",We don't have the time.,ನಮಗೆ ಸಮಯವಿಲ್ಲ.
"00:01:48,984 --> 00:01:50,526",I have to stop the bleeding !,ನಾನು ರಕ್ತಸ್ರಾವವನ್ನು ನಿಲ್ಲಿಸಬೇಕು!
"00:01:51,028 --> 00:01:52,612",Leave him!,ಅವನನ್ನು ಬಿಡಿ!
"00:02:27,189 --> 00:02:28,648",BOND: Have you got him?,ಬಾಂಡ್: ನೀವು ಅವನನ್ನು ಪಡೆದುಕೊಂಡಿದ್ದೀರಾ?
"00:02:29,107 --> 00:02:30,608",He's in the black Audi.,ಅವರು ಕಪ್ಪು ಆಡಿಯಲ್ಲಿದ್ದಾರೆ.
"00:02:31,485 --> 00:02:32,527",What about Ronson?,ರಾನ್ಸನ್ ಬಗ್ಗೆ ಏನು?
"00:02:32,653 --> 00:02:33,694",He's been hit.,ಅವನಿಗೆ ಹೊಡೆದಿದೆ.
"00:02:34,071 --> 00:02:35,905",We're sending an emergency evacuation squad.,ನಾವು ಕಳುಹಿಸುತ್ತಿದ್ದೇವೆ ತುರ್ತು ಪರಿಸ್ಥಿತಿ ಸ್ಥಳಾಂತರಿಸುವ ತಂಡ.
"00:02:35,989 --> 00:02:37,615",They'll be too bloody late!,ಅವರು ತಡವಾಗಿ ತುಂಬಾ ರಕ್ತಸಿಕ್ತರಾಗುತ್ತಾರೆ!
"00:02:37,908 --> 00:02:38,908",(TIRES SCREECHING),(ಟೈರ್ ಸ್ಕ್ರೀಚಿಂಗ್)
"00:02:39,076 --> 00:02:40,284",He's seen us.,ಅವನು ನಮ್ಮನ್ನು ನೋಡಿದ್ದಾನೆ.
"00:02:40,828 --> 00:02:42,829",Medical evac for Ronson five minutes away.,ರಾನ್ಸನ್‌ಗೆ ವೈದ್ಯಕೀಯ ಇವಾಕ್ ಐದು ನಿಮಿಷಗಳ ದೂರ.
"00:02:49,336 --> 00:02:51,170",That's all right. You weren't using it.,ಅದು ಸರಿ. ನೀವು ಅದನ್ನು ಬಳಸುತ್ತಿರಲಿಲ್ಲ.
"00:02:53,590 --> 00:02:55,591","I wasn't using that one, either.",ನಾನು ಬಳಸುತ್ತಿರಲಿಲ್ಲ ಅದು ಕೂಡ.
"00:03:40,971 --> 00:03:42,305",Keep your head down.,ನಿಮ್ಮ ತಲೆಯನ್ನು ಕೆಳಕ್ಕೆ ಇರಿಸಿ.
"00:03:42,472 --> 00:03:44,015",(GUNFIRE BLASTING),(ಗುಂಡಿನ ಸ್ಫೋಟ)
"00:04:17,341 --> 00:04:18,466",Just get clear!,ಸ್ಪಷ್ಟಪಡಿಸಿ!
"00:04:20,427 --> 00:04:22,053","Tanner, which way?","ಟ್ಯಾನರ್, ಯಾವ ಮಾರ್ಗ?"
"00:04:22,179 --> 00:04:23,846",Keep going. I can direct you from here.,ಮುಂದುವರಿಯಿರಿ. ನಾನು ನಿಮ್ಮನ್ನು ಇಲ್ಲಿಂದ ನಿರ್ದೇಶಿಸಬಹುದು.
"00:04:23,972 --> 00:04:25,514",You both know what's at stake here.,ನೀವಿಬ್ಬರೂ ಗೊತ್ತು ಇಲ್ಲಿ ಏನಿದೆ.
"00:04:25,641 --> 00:04:27,183",We can't afford to lose that list.,ನಮಗೆ ಭರಿಸಲಾಗುವುದಿಲ್ಲ ಆ ಪಟ್ಟಿಯನ್ನು ಕಳೆದುಕೊಳ್ಳಲು.
"00:04:27,309 --> 00:04:28,309","Yes, ma'am.","ಹೌದು, ಮಾಮ್."
"00:04:58,215 --> 00:04:59,465",EVE: Where are they now?,ಈವ್: ಅವರು ಈಗ ಎಲ್ಲಿದ್ದಾರೆ?
"00:04:59,549 --> 00:05:02,009",They appear to be on the rooftops of the Grand Bazaar.,ಅವರು ಕಾಣಿಸಿಕೊಳ್ಳುತ್ತಾರೆ ಮೇಲ್ oft ಾವಣಿಯಲ್ಲಿರಿ ಗ್ರ್ಯಾಂಡ್ ಬಜಾರ್.
"00:05:54,062 --> 00:05:56,272",Take a left. There's a bridge. You can cut him off.,ಎಡ ತೆಗೆದುಕೊಳ್ಳಿ. ಸೇತುವೆ ಇದೆ. ನೀವು ಅವನನ್ನು ಕತ್ತರಿಸಬಹುದು.
"00:06:27,345 --> 00:06:28,554","Down, sir!","ಕೆಳಗೆ, ಸರ್!"
"00:06:28,972 --> 00:06:30,473",(TRAIN HORN BLARING),(ರೈಲು ಹಾರ್ನ್ ಬ್ಲೇರಿಂಗ್)
"00:06:48,533 --> 00:06:50,409","What happened? They're on the train, ma'am.","ಏನಾಯಿತು? ಅವರು ರೈಲಿನಲ್ಲಿದ್ದಾರೆ, ಮಾಮ್."
"00:06:50,494 --> 00:06:51,702",What do you mean on the train?,ರೈಲಿನಲ್ಲಿ ನೀವು ಏನು ಹೇಳುತ್ತೀರಿ?
"00:06:51,828 --> 00:06:53,079","I mean, they're on top of a train.","ನನ್ನ ಪ್ರಕಾರ, ಅವರು ರೈಲಿನ ಮೇಲೆ ಇದ್ದಾರೆ."
"00:06:53,205 --> 00:06:54,622","Well, get after them, for God's sake!","ಸರಿ, ಅವರ ನಂತರ ಪಡೆಯಿರಿ, ದೇವರ ಸಲುವಾಗಿ!"
"00:07:25,195 --> 00:07:26,529",She's going out of range.,ಅವಳು ವ್ಯಾಪ್ತಿಯಿಂದ ಹೊರಹೋಗುತ್ತಿದ್ದಾಳೆ.
"00:07:26,655 --> 00:07:27,988",We've lost tracking. We're blind here.,ನಾವು ಟ್ರ್ಯಾಕಿಂಗ್ ಕಳೆದುಕೊಂಡಿದ್ದೇವೆ. ನಾವು ಇಲ್ಲಿ ಕುರುಡರಾಗಿದ್ದೇವೆ.
"00:07:28,115 --> 00:07:29,990",What's going on? I'm still with them.,ಏನು ನಡೆಯುತ್ತಿದೆ? ನಾನು ಇನ್ನೂ ಅವರೊಂದಿಗೆ ಇದ್ದೇನೆ.
"00:07:30,117 --> 00:07:32,201","Get me CCTV, satellite, anything !","ನನಗೆ ಸಿಸಿಟಿವಿ ಪಡೆಯಿರಿ, ಉಪಗ್ರಹ, ಏನು!"
"00:08:22,169 --> 00:08:23,502",M: What was that?,ಎಂ: ಅದು ಏನು?
"00:08:24,087 --> 00:08:25,087",VW Beetles.,ವಿಡಬ್ಲ್ಯೂ ಜೀರುಂಡೆಗಳು.
"00:08:25,672 --> 00:08:26,755",I think.,ನನ್ನ ಪ್ರಕಾರ.
"00:08:51,781 --> 00:08:54,366",Bond ! He's uncoupling the cars.,ಬಾಂಡ್! ಅವನು ಕಾರುಗಳನ್ನು ಬಿಚ್ಚುತ್ತಿದ್ದಾನೆ.
"00:09:32,739 --> 00:09:34,156","M: 007, are you all right?","ಎಂ: 007, ನೀವೆಲ್ಲರೂ ಸರಿಯಾಗಿದ್ದೀರಾ?"
"00:09:34,658 --> 00:09:36,325",Just changing carriages.,ಕೇವಲ ಗಾಡಿಗಳನ್ನು ಬದಲಾಯಿಸುವುದು.
"00:09:38,203 --> 00:09:39,912",What's going on? Report!,ಏನು ನಡೆಯುತ್ತಿದೆ? ವರದಿ!
"00:09:40,038 --> 00:09:41,747","It's rather hard to explain, ma'am.","ಇದು ಕಷ್ಟ ವಿವರಿಸಲು, ಮಾಮ್."
"00:09:41,998 --> 00:09:43,540",007's still in pursuit.,007 ಇನ್ನೂ ಅನ್ವೇಷಣೆಯಲ್ಲಿದೆ.
"00:10:48,231 --> 00:10:50,149",Looks like there isn't much more road.,ಅಲ್ಲಿ ಕಾಣುತ್ತದೆ ಹೆಚ್ಚು ರಸ್ತೆ ಅಲ್ಲ.
"00:10:50,275 --> 00:10:52,234",I don't think I can go any further.,ನಾನು ಯೋಚಿಸುವುದಿಲ್ಲ ಮುಂದೆ ಹೋಗಬಹುದು.
"00:11:26,770 --> 00:11:28,270",I may have a shot.,ನಾನು ಶಾಟ್ ಹೊಂದಿರಬಹುದು.
"00:11:35,445 --> 00:11:36,612",It's not clean.,ಇದು ಸ್ವಚ್ clean ವಾಗಿಲ್ಲ.
"00:11:36,863 --> 00:11:38,364","Repeat, I do not have a clean shot.","ಪುನರಾವರ್ತಿಸಿ, ನನ್ನ ಬಳಿ ಇಲ್ಲ ಕ್ಲೀನ್ ಶಾಟ್."
"00:11:45,789 --> 00:11:47,831",There's a tunnel ahead. I'm gonna lose them.,ಮುಂದೆ ಸುರಂಗವಿದೆ. ನಾನು ಅವರನ್ನು ಕಳೆದುಕೊಳ್ಳುತ್ತೇನೆ.
"00:11:48,083 --> 00:11:49,625",Can you get into a better position?,ನೀವು ಪ್ರವೇಶಿಸಬಹುದೇ? ಉತ್ತಮ ಸ್ಥಾನ?
"00:11:49,793 --> 00:11:51,335",Negative. There's no time.,ನಕಾರಾತ್ಮಕ. ಸಮಯವಿಲ್ಲ.
"00:11:53,421 --> 00:11:54,463",Take the shot.,ಶಾಟ್ ತೆಗೆದುಕೊಳ್ಳಿ.
"00:11:56,424 --> 00:11:57,758",I said take the shot.,ನಾನು ಶಾಟ್ ತೆಗೆದುಕೊಳ್ಳಿ ಎಂದು ಹೇಳಿದೆ.
"00:11:59,386 --> 00:12:00,803",I can't! I may hit Bond.,ನನಗೆ ಸಾಧ್ಯವಿಲ್ಲ! ನಾನು ಬಾಂಡ್ ಅನ್ನು ಹೊಡೆಯಬಹುದು.
"00:12:00,970 --> 00:12:02,137",Take the bloody shot!,ರಕ್ತಸಿಕ್ತ ಶಾಟ್ ತೆಗೆದುಕೊಳ್ಳಿ!
"00:12:02,305 --> 00:12:03,305",(GUNSHOT),(ಗುಂಡೇಟು)
"00:12:25,370 --> 00:12:26,870",Agent down.,ಏಜೆಂಟ್ ಡೌನ್.
"00:13:14,252 --> 00:13:16,753",This is the end,ಇದು ಅಂತ್ಯ
"00:13:18,840 --> 00:13:23,844",Hold your breath and count to ten,ನಿಮ್ಮ ಉಸಿರನ್ನು ಹಿಡಿದುಕೊಳ್ಳಿ ಮತ್ತು ಹತ್ತು ಎಂದು ಎಣಿಸಿ
"00:13:25,346 --> 00:13:30,601",Feel the earth move and then,ಭೂಮಿಯ ಚಲನೆಯನ್ನು ಅನುಭವಿಸಿ ಮತ್ತು ನಂತರ
"00:13:31,811 --> 00:13:37,858",Hear my heart burst again,ನನ್ನ ಹೃದಯ ಮತ್ತೆ ಸ್ಫೋಟವನ್ನು ಕೇಳಿ
"00:13:39,402 --> 00:13:42,237",For this is the end,ಇದು ಅಂತ್ಯ
"00:13:44,240 --> 00:13:49,286",I've drowned and dreamt this moment,ನಾನು ಮುಳುಗಿದ್ದೇನೆ ಮತ್ತು ಈ ಕ್ಷಣವನ್ನು ಕನಸು ಕಂಡರು
"00:13:50,705 --> 00:13:55,918","So overdue, I owe them","ಆದ್ದರಿಂದ ಮಿತಿಮೀರಿದ, ನಾನು ಅವರಿಗೆ ow ಣಿಯಾಗಿದ್ದೇನೆ"
"00:13:57,504 --> 00:14:02,674","Swept away, I'm stolen","ನುಗ್ಗಿ, ನಾನು ಕದ್ದಿದ್ದೇನೆ"
"00:14:05,094 --> 00:14:07,971",Let the sky fall,ಆಕಾಶ ಬೀಳಲಿ
"00:14:08,097 --> 00:14:10,849",When it crumbles,ಅದು ಕುಸಿಯುವಾಗ
"00:14:11,351 --> 00:14:14,186",We will stand tall,ನಾವು ಎತ್ತರವಾಗಿ ನಿಲ್ಲುತ್ತೇವೆ
"00:14:14,270 --> 00:14:16,605",And face it all together,ಮತ್ತು ಎಲ್ಲವನ್ನೂ ಒಟ್ಟಿಗೆ ಎದುರಿಸಿ
"00:14:16,898 --> 00:14:19,066",At Skyfall,ಸ್ಕೈಫಾಲ್ನಲ್ಲಿ
"00:14:23,404 --> 00:14:26,657",Skyfall is where we start,ನಾವು ಪ್ರಾರಂಭಿಸುವ ಸ್ಥಳ ಸ್ಕೈಫಾಲ್
"00:14:29,160 --> 00:14:33,121",A thousand miles and poles apart,ಒಂದು ಸಾವಿರ ಮೈಲಿಗಳು ಮತ್ತು ಧ್ರುವಗಳನ್ನು ಹೊರತುಪಡಿಸಿ
"00:14:35,542 --> 00:14:39,711",Where worlds collide and days are dark,ಎಲ್ಲಿ ಪ್ರಪಂಚಗಳು ಘರ್ಷಿಸುತ್ತವೆ ಮತ್ತು ದಿನಗಳು ಕತ್ತಲೆಯಾಗಿವೆ
"00:14:39,796 --> 00:14:42,130",You may have my number,ನೀವು ನನ್ನ ಸಂಖ್ಯೆಯನ್ನು ಹೊಂದಿರಬಹುದು
"00:14:42,257 --> 00:14:44,007",You can take my name,ನೀವು ನನ್ನ ಹೆಸರನ್ನು ತೆಗೆದುಕೊಳ್ಳಬಹುದು
"00:14:45,176 --> 00:14:49,721",But you'll never have my heart,ಆದರೆ ನೀವು ಎಂದಿಗೂ ನನ್ನ ಹೃದಯವನ್ನು ಹೊಂದಿಲ್ಲ
"00:15:11,911 --> 00:15:16,498",And face it all together At Skyfall,ಮತ್ತು ಎಲ್ಲವನ್ನೂ ಒಟ್ಟಿಗೆ ಎದುರಿಸಿ ಸ್ಕೈಫಾಲ್ನಲ್ಲಿ
"00:15:21,421 --> 00:15:24,172",Where you go I go,ನೀವು ಎಲ್ಲಿಗೆ ಹೋಗುತ್ತೀರಿ ನಾನು ಹೋಗುತ್ತೇನೆ
"00:15:24,841 --> 00:15:27,384",What you see I see,ನೀವು ನೋಡುವುದು ನಾನು ನೋಡುತ್ತೇನೆ
"00:15:27,719 --> 00:15:32,889",I know I'd never be me without the security,ನಾನು ಎಂದಿಗೂ ನಾನಲ್ಲ ಎಂದು ನನಗೆ ತಿಳಿದಿದೆ ಭದ್ರತೆ ಇಲ್ಲದೆ
"00:15:34,183 --> 00:15:37,227",Of your loving arms,ನಿಮ್ಮ ಪ್ರೀತಿಯ ತೋಳುಗಳ
"00:15:37,645 --> 00:15:40,188",keeping me from harm,ನನ್ನನ್ನು ಹಾನಿಯಿಂದ ದೂರವಿಡುವುದು
"00:15:40,481 --> 00:15:45,152",Put your hand in my hand and we'll stand,ನಿಮ್ಮ ಕೈ ನನ್ನ ಕೈಯಲ್ಲಿ ಇರಿಸಿ ಮತ್ತು ನಾವು ನಿಲ್ಲುತ್ತೇವೆ
"00:17:45,857 --> 00:17:48,233",It's like being summoned to the headmaster's study.,ಇದು ಕರೆಸಿಕೊಂಡಂತೆ ಮುಖ್ಯೋಪಾಧ್ಯಾಯರ ಅಧ್ಯಯನಕ್ಕೆ.
"00:17:48,359 --> 00:17:50,736",It's a new Chairman. Just standard procedure.,ಇದು ಹೊಸ ಅಧ್ಯಕ್ಷರು. ಕೇವಲ ಪ್ರಮಾಣಿತ ಕಾರ್ಯವಿಧಾನ.
"00:17:50,862 --> 00:17:52,988",Bloody waste of my time is what I call it.,ನನ್ನ ರಕ್ತಸಿಕ್ತ ತ್ಯಾಜ್ಯ ಸಮಯವು ನಾನು ಅದನ್ನು ಕರೆಯುತ್ತೇನೆ.
"00:17:53,156 --> 00:17:55,157",I'm sorry to have to deal with such,ನನಗೆ ಕ್ಷಮಿಸಿ ಅಂತಹವರೊಂದಿಗೆ ವ್ಯವಹರಿಸಲು
"00:17:55,283 --> 00:17:57,242",a delicate subject at our first encounter.,ನಲ್ಲಿ ಒಂದು ಸೂಕ್ಷ್ಮ ವಿಷಯ ನಮ್ಮ ಮೊದಲ ಮುಖಾಮುಖಿ.
"00:17:59,996 --> 00:18:01,329","But, um. . .","ಆದರೆ, ಉಮ್. . ."
"00:18:01,873 --> 00:18:03,665",I have to be frank with you.,ನಾನು ನಿಮ್ಮೊಂದಿಗೆ ಸ್ಪಷ್ಟವಾಗಿ ಹೇಳಬೇಕು.
"00:18:03,833 --> 00:18:05,834",I think that would be a good idea.,ನಾನು ಭಾವಿಸುತ್ತೇನೆ ಒಳ್ಳೆಯದು.
"00:18:08,880 --> 00:18:10,881",The Prime Minister's concerned.,ಪ್ರಧಾನ ಮಂತ್ರಿ ಕಾಳಜಿ.
"00:18:11,674 --> 00:18:14,509","Well, you can tell him my operatives are pursuing every avenue.","ಸರಿ, ನೀವು ಅವನಿಗೆ ಹೇಳಬಹುದು ನನ್ನ ಕಾರ್ಯಕರ್ತರು ಪ್ರತಿ ಅವೆನ್ಯೂವನ್ನು ಮುಂದುವರಿಸುವುದು."
"00:18:14,677 --> 00:18:16,678",Have you considered pulling out the agents?,ನೀವು ಪರಿಗಣಿಸಿದ್ದೀರಾ ಏಜೆಂಟರನ್ನು ಹೊರತೆಗೆಯುವುದೇ?
"00:18:16,763 --> 00:18:18,180",I've considered every option.,ನಾನು ಪ್ರತಿ ಆಯ್ಕೆಯನ್ನು ಪರಿಗಣಿಸಿದ್ದೇನೆ.
"00:18:18,264 --> 00:18:20,599","Forgive me, that sounds like an evasion.","ನನ್ನನ್ನು ಕ್ಷಮಿಸಿ, ಅದು ತಪ್ಪಿಸಿಕೊಳ್ಳುವಿಕೆಯಂತೆ ತೋರುತ್ತದೆ."
"00:18:20,767 --> 00:18:22,684","Forgive me, but why am I here?","ನನ್ನನ್ನು ಕ್ಷಮಿಸಿ, ಆದರೆ ನಾನು ಯಾಕೆ ಇಲ್ಲಿದ್ದೇನೆ?"
"00:18:23,895 --> 00:18:27,773","Three months ago, you lost the computer drive containing the identity","ಮೂರು ತಿಂಗಳ ಹಿಂದೆ, ನೀವು ಸೋತಿದ್ದೀರಿ ಕಂಪ್ಯೂಟರ್ ಡ್ರೈವ್ ಗುರುತನ್ನು ಒಳಗೊಂಡಿರುತ್ತದೆ"
"00:18:27,899 --> 00:18:30,358",of almost every NATO agent embedded in,ಬಹುತೇಕ ಪ್ರತಿಯೊಂದು ನ್ಯಾಟೋ ಏಜೆಂಟ್ ಅನ್ನು ಹುದುಗಿಸಲಾಗಿದೆ
"00:18:30,485 --> 00:18:32,903",terrorist organizations across the globe.,ಭಯೋತ್ಪಾದಕ ಸಂಘಟನೆಗಳು ಜಗತ್ತಿನಾದ್ಯಂತ.
"00:18:33,529 --> 00:18:36,406","A list which, in the eyes of our allies, never existed.","ಒಂದು ಪಟ್ಟಿ, ನಮ್ಮ ಮಿತ್ರರಾಷ್ಟ್ರಗಳ ದೃಷ್ಟಿಯಲ್ಲಿ, ಎಂದಿಗೂ ಅಸ್ತಿತ್ವದಲ್ಲಿಲ್ಲ."
"00:18:36,741 --> 00:18:40,410","So if you'll forgive me, I think you know why you're here.","ಹಾಗಾಗಿ ನೀವು ನನ್ನನ್ನು ಕ್ಷಮಿಸಿದರೆ, ನಿಮಗೆ ತಿಳಿದಿದೆ ಎಂದು ನಾನು ಭಾವಿಸುತ್ತೇನೆ ನೀವು ಯಾಕೆ ಇಲ್ಲಿದ್ದೀರಿ."
"00:18:40,578 --> 00:18:42,370","Are we to call this ""civilian oversight""?","ನಾವು ಇದನ್ನು ಕರೆಯಬೇಕೇ? ""ನಾಗರಿಕ ಮೇಲ್ವಿಚಾರಣೆ""?"
"00:18:42,580 --> 00:18:46,041","No, we're to call this ""retirement planning.""","ಇಲ್ಲ, ನಾವು ಕರೆ ಮಾಡಬೇಕು ಈ ""ನಿವೃತ್ತಿ ಯೋಜನೆ."""
"00:18:47,752 --> 00:18:49,753",Your country has only the highest respect for you,ನಿಮ್ಮ ದೇಶವನ್ನು ಹೊಂದಿದೆ ಅತ್ಯುನ್ನತ ಗೌರವ ಮಾತ್ರ ನಿಮಗಾಗಿ
"00:18:49,879 --> 00:18:51,880",and your many years of service.,ಮತ್ತು ನಿಮ್ಮ ಅನೇಕ ವರ್ಷಗಳ ಸೇವೆ.
"00:18:52,215 --> 00:18:53,799","When your current posting is completed,","ನಿಮ್ಮ ಪ್ರಸ್ತುತ ಯಾವಾಗ ಪೋಸ್ಟ್ ಪೂರ್ಣಗೊಂಡಿದೆ,"
"00:18:53,883 --> 00:18:57,052",you'll be awarded GCMG with full honors.,ನಿಮಗೆ ಪ್ರಶಸ್ತಿ ನೀಡಲಾಗುವುದು ಪೂರ್ಣ ಗೌರವಗಳೊಂದಿಗೆ ಜಿಸಿಎಂಜಿ.
"00:18:58,554 --> 00:19:00,222",Congratulations.,ಅಭಿನಂದನೆಗಳು.
"00:19:01,057 --> 00:19:02,098",You're firing me.,ನೀವು ನನ್ನನ್ನು ಗುಂಡು ಹಾರಿಸುತ್ತಿದ್ದೀರಿ.
"00:19:02,266 --> 00:19:04,643","No, ma'am, I'm here to oversee the transition period","ಇಲ್ಲ, ಮಾಮ್, ನಾನು ಮೇಲ್ವಿಚಾರಣೆ ಮಾಡಲು ಇಲ್ಲಿದ್ದೇನೆ ಪರಿವರ್ತನೆಯ ಅವಧಿ"
"00:19:04,769 --> 00:19:07,479",leading to your voluntary retirement in two months' time.,ನಿಮ್ಮಕ್ಕೆ ಕಾರಣವಾಗುತ್ತದೆ ಸ್ವಯಂಪ್ರೇರಿತ ನಿವೃತ್ತಿ ಎರಡು ತಿಂಗಳ ಅವಧಿಯಲ್ಲಿ.
"00:19:07,897 --> 00:19:10,398","Your successor has yet to be appointed, so we'll be asking you. . .","ನಿಮ್ಮ ಉತ್ತರಾಧಿಕಾರಿ ಹೊಂದಿದ್ದಾರೆ ಇನ್ನೂ ನೇಮಕಗೊಳ್ಳಬೇಕಾಗಿದೆ, ಆದ್ದರಿಂದ ನಾವು ನಿಮ್ಮನ್ನು ಕೇಳುತ್ತೇವೆ. . ."
"00:19:10,566 --> 00:19:12,275","I'm not an idiot, Mallory.","ನಾನು ಈಡಿಯಟ್ ಅಲ್ಲ, ಮಲ್ಲೊರಿ."
"00:19:12,944 --> 00:19:15,070",I know I can't do this job forever,ನಾನು ಮಾಡಲು ಸಾಧ್ಯವಿಲ್ಲ ಎಂದು ನನಗೆ ತಿಳಿದಿದೆ ಈ ಕೆಲಸ ಶಾಶ್ವತವಾಗಿ
"00:19:15,404 --> 00:19:17,364",but I'll be damned if I'm going to leave the department,ಆದರೆ ನಾನು ಹಾನಿಗೊಳಗಾಗುತ್ತೇನೆ ನಾನು ಹೋಗುತ್ತಿದ್ದರೆ ಇಲಾಖೆಯನ್ನು ಬಿಡಿ
"00:19:17,490 --> 00:19:19,491",in worse shape than I found it.,ಕೆಟ್ಟ ಆಕಾರದಲ್ಲಿ ನಾನು ಅದನ್ನು ಕಂಡುಕೊಂಡಿದ್ದಕ್ಕಿಂತ.
"00:19:19,659 --> 00:19:22,160","M, you've had a great run.","ಎಮ್, ನೀವು ಉತ್ತಮ ಓಟವನ್ನು ಹೊಂದಿದ್ದೀರಿ."
"00:19:22,829 --> 00:19:24,287",You should leave with dignity.,ನೀವು ಘನತೆಯಿಂದ ಹೊರಡಬೇಕು.
"00:19:24,413 --> 00:19:27,582","Oh, to hell with dignity. I'll leave when the job's done.","ಓಹ್, ಘನತೆಯಿಂದ ನರಕಕ್ಕೆ. ನಾನು ಯಾವಾಗ ಬಿಡುತ್ತೇನೆ ಕೆಲಸ ಮುಗಿದಿದೆ."
"00:19:46,644 --> 00:19:47,811",Yes?,ಹೌದು?
"00:19:49,438 --> 00:19:50,480",Now?,ಈಗ?
"00:19:52,441 --> 00:19:56,444","Ma'am, alert from Q-Branch. Someone's trying to decrypt the stolen hard drive.","ಮಾಮ್, ಕ್ಯೂ-ಬ್ರಾಂಚ್‌ನಿಂದ ಎಚ್ಚರಿಕೆ. ಯಾರೋ ಡೀಕ್ರಿಪ್ಟ್ ಮಾಡಲು ಪ್ರಯತ್ನಿಸುತ್ತಿದ್ದಾರೆ ಕದ್ದ ಹಾರ್ಡ್ ಡ್ರೈವ್."
"00:19:56,863 --> 00:19:58,947",We're tracing the encryption signal.,ನಾವು ಪತ್ತೆಹಚ್ಚುತ್ತಿದ್ದೇವೆ ಎನ್‌ಕ್ರಿಪ್ಶನ್ ಸಿಗ್ನಲ್.
"00:19:59,490 --> 00:20:00,615",Localizing now.,ಈಗ ಸ್ಥಳೀಕರಿಸಲಾಗುತ್ತಿದೆ.
"00:20:03,703 --> 00:20:05,120",Centering in the UK.,ಯುಕೆಯಲ್ಲಿ ಕೇಂದ್ರೀಕರಿಸಲಾಗಿದೆ.
"00:20:07,290 --> 00:20:08,540",London.,ಲಂಡನ್.
"00:20:08,875 --> 00:20:10,625",Get us back to base as soon as possible.,ನಮ್ಮನ್ನು ಮತ್ತೆ ಬೇಸ್‌ಗೆ ಪಡೆಯಿರಿ ಆದಷ್ಟು ಬೇಗ.
"00:20:17,967 --> 00:20:19,134",It's coming from Ml6.,ಇದು ML6 ನಿಂದ ಬರುತ್ತಿದೆ.
"00:20:19,302 --> 00:20:20,468",What?,ಏನು?
"00:20:20,553 --> 00:20:22,762",The data packet is linking to our network.,ಡೇಟಾ ಪ್ಯಾಕೆಟ್ ಆಗಿದೆ ನಮ್ಮ ನೆಟ್‌ವರ್ಕ್‌ಗೆ ಲಿಂಕ್ ಮಾಡಲಾಗುತ್ತಿದೆ.
"00:20:23,472 --> 00:20:25,473",Correction. This is behind our firewall.,ತಿದ್ದುಪಡಿ. ಇದು ನಮ್ಮ ಫೈರ್‌ವಾಲ್‌ನ ಹಿಂದೆ ಇದೆ.
"00:20:26,142 --> 00:20:27,100",We should shut down.,ನಾವು ಮುಚ್ಚಬೇಕು.
"00:20:27,226 --> 00:20:28,184","No, track it.","ಇಲ್ಲ, ಅದನ್ನು ಟ್ರ್ಯಾಕ್ ಮಾಡಿ."
"00:20:28,644 --> 00:20:30,395",We have to know where it's coming from.,ನಾವು ತಿಳಿದುಕೊಳ್ಳಬೇಕು ಅದು ಎಲ್ಲಿಂದ ಬರುತ್ತಿದೆ.
"00:20:30,813 --> 00:20:32,314",Strip the headers. Trace the source.,ಹೆಡರ್ಗಳನ್ನು ತೆಗೆದುಹಾಕಿ. ಮೂಲವನ್ನು ಪತ್ತೆಹಚ್ಚಿ.
"00:20:32,648 --> 00:20:34,357",How the hell did they get into our system?,ಅವರು ಹೇಗೆ ನರಕ ಮಾಡಿದರು ನಮ್ಮ ಸಿಸ್ಟಮ್‌ಗೆ ಹೋಗುವುದೇ?
"00:20:34,984 --> 00:20:36,318",Getting trace back now.,ಈಗ ಜಾಡಿನ ಮರಳಿ ಪಡೆಯುತ್ತಿದೆ.
"00:20:41,240 --> 00:20:42,490",lt appears. . .,ಎಲ್ಟಿ ಕಾಣಿಸಿಕೊಳ್ಳುತ್ತದೆ. . .
"00:20:43,993 --> 00:20:45,577","lt appears to be your computer, ma'am.","lt ಎಂದು ತೋರುತ್ತದೆ ನಿಮ್ಮ ಕಂಪ್ಯೂಟರ್, ಮಾಮ್."
"00:20:46,203 --> 00:20:47,329",Shut it down.,ಅದನ್ನು ಮುಚ್ಚಿ.
"00:20:48,164 --> 00:20:49,831",(TAUNTING MUSIC PLAYS),(ಸಂಗೀತ ನಾಟಕಗಳನ್ನು ಕೆಣಕುವುದು)
"00:20:53,377 --> 00:20:54,502",What is this?,ಇದು ಏನು?
"00:21:14,482 --> 00:21:15,482",(SIGHS),(ನಿಟ್ಟುಸಿರು)
"00:21:15,733 --> 00:21:17,859",For God's sake!,ದೇವರ ಸಲುವಾಗಿ!
"00:21:19,904 --> 00:21:21,404",Just get out of the way!,ದಾರಿ ತಪ್ಪಿಸಿ!
"00:21:22,281 --> 00:21:24,032",Don't you recognize the car? Madam.,ನೀವು ಕಾರನ್ನು ಗುರುತಿಸುವುದಿಲ್ಲವೇ? ಮೇಡಂ.
"00:21:24,367 --> 00:21:26,034",(EXPLOSION THUNDERS),(ಸ್ಫೋಟದ ಗುಡುಗುಗಳು)
"00:23:06,427 --> 00:23:08,636",CROWD (BUILDING IN VOLUME): Oh. . . !,ಜನಸಮೂಹ (ಪರಿಮಾಣದಲ್ಲಿ ಕಟ್ಟಡ): ಓಹ್. . . !
"00:23:54,600 --> 00:23:57,352",ANNOUNCER (OVER TV): This is CNN Breaking News.,ಅನೌನ್ಸರ್ (ಟಿವಿ ಓವರ್): ಇದು ಸಿಎನ್ಎನ್ ಬ್ರೇಕಿಂಗ್ ನ್ಯೂಸ್.
"00:23:57,686 --> 00:24:00,021",Emergency crews are still attempting to assess,ತುರ್ತು ಸಿಬ್ಬಂದಿ ಇನ್ನೂ ಇದ್ದಾರೆ ನಿರ್ಣಯಿಸಲು ಪ್ರಯತ್ನಿಸುತ್ತಿದೆ
"00:24:00,189 --> 00:24:02,524",the damage as investigators hunt for leads,ಹಾನಿ ತನಿಖಾಧಿಕಾರಿಗಳು ಪಾತ್ರಗಳಿಗಾಗಿ ಬೇಟೆಯಾಡುತ್ತಾರೆ
"00:24:02,691 --> 00:24:04,734",in what now appears to be a major,ಈಗ ಏನು ಮೇಜರ್ ಎಂದು ತೋರುತ್ತದೆ
"00:24:04,860 --> 00:24:06,945",terrorist attack in the heart of London.,ಇನ್ ಭಯೋತ್ಪಾದಕ ದಾಳಿ ಲಂಡನ್‌ನ ಹೃದಯ.
"00:24:08,572 --> 00:24:11,783",No-one has yet claimed responsibility for what sources are calling,ಯಾರೂ ಇನ್ನೂ ಇಲ್ಲ ಜವಾಬ್ದಾರಿಯನ್ನು ಪ್ರತಿಪಾದಿಸಿದರು ಯಾವ ಮೂಲಗಳು ಕರೆಯುತ್ತಿವೆ
"00:24:11,951 --> 00:24:16,204","a possible ""cyber-terrorist assault"" on the British Secret Service.","ಒಂದು ಸಾಧ್ಯ ""ಸೈಬರ್-ಭಯೋತ್ಪಾದಕ ಹಲ್ಲೆ"" ಬ್ರಿಟಿಷ್ ರಹಸ್ಯ ಸೇವೆಯಲ್ಲಿ."
"00:24:16,372 --> 00:24:18,581",Early reports from the scene indicate,ಆರಂಭಿಕ ವರದಿಗಳು ದೃಶ್ಯವು ಸೂಚಿಸುತ್ತದೆ
"00:24:18,707 --> 00:24:20,917","at least six dead, many more injured,","ಕನಿಷ್ಠ ಆರು ಮಂದಿ ಸತ್ತರು, ಇನ್ನೂ ಅನೇಕ ಗಾಯಗೊಂಡವರು,"
"00:24:21,127 --> 00:24:24,045",with victims being evacuated to local hospitals,ಬಲಿಪಶುಗಳನ್ನು ಸ್ಥಳಾಂತರಿಸುವುದರೊಂದಿಗೆ ಸ್ಥಳೀಯ ಆಸ್ಪತ್ರೆಗಳಿಗೆ
"00:24:24,130 --> 00:24:25,964",within minutes of the explosion.,ನಿಮಿಷಗಳಲ್ಲಿ ಸ್ಫೋಟದ.
"00:24:44,400 --> 00:24:46,151","It's time to go, ma'am.",ಮಾಮ್.
"00:24:49,113 --> 00:24:51,406",I'm going to find whoever did this.,ನಾನು ಹುಡುಕಲಿದ್ದೇನೆ ಯಾರು ಇದನ್ನು ಮಾಡಿದರು.
"00:25:40,623 --> 00:25:42,373",Where the hell have you been?,ನೀವು ಎಲ್ಲಿದ್ದೀರಿ?
"00:25:43,167 --> 00:25:45,126",Enjoying death.,ಸಾವನ್ನು ಆನಂದಿಸುತ್ತಿದೆ.
"00:25:46,462 --> 00:25:49,047",007 reporting for duty.,ಕರ್ತವ್ಯಕ್ಕಾಗಿ 007 ವರದಿ.
"00:25:56,472 --> 00:25:58,014",Why didn't you call?,ನೀವು ಯಾಕೆ ಕರೆ ಮಾಡಲಿಲ್ಲ?
"00:25:58,474 --> 00:26:00,475",You didn't get the postcard?,ನಿಮಗೆ ಪೋಸ್ಟ್‌ಕಾರ್ಡ್ ಸಿಗಲಿಲ್ಲವೇ?
"00:26:00,893 --> 00:26:02,727",You should try it some time. Get away from it all.,ನೀವು ಅದನ್ನು ಸ್ವಲ್ಪ ಸಮಯ ಪ್ರಯತ್ನಿಸಬೇಕು. ಅದರಿಂದ ದೂರವಿರಿ.
"00:26:02,853 --> 00:26:04,687",lt really lends perspective.,ಎಲ್ಟಿ ನಿಜವಾಗಿಯೂ ದೃಷ್ಟಿಕೋನವನ್ನು ನೀಡುತ್ತದೆ.
"00:26:05,314 --> 00:26:07,148","Ran out of drink where you were, did they?","ಪಾನೀಯದಿಂದ ಓಡಿಹೋಯಿತು ನೀವು ಎಲ್ಲಿದ್ದೀರಿ, ಅವರು ಮಾಡಿದ್ದೀರಾ?"
"00:26:07,358 --> 00:26:08,983",What was it you said?,ನೀವು ಏನು ಹೇಳಿದ್ದೀರಿ?
"00:26:09,401 --> 00:26:11,486","""Take the bloody shot.""","""ರಕ್ತಸಿಕ್ತ ಶಾಟ್ ತೆಗೆದುಕೊಳ್ಳಿ."""
"00:26:11,654 --> 00:26:13,029",I made a judgment call.,ನಾನು ತೀರ್ಪು ಕರೆ ಮಾಡಿದೆ.
"00:26:13,197 --> 00:26:15,657",You should have trusted me to finish the job.,ನೀವು ನನ್ನನ್ನು ನಂಬಬೇಕು ಕೆಲಸವನ್ನು ಮುಗಿಸಲು.
"00:26:15,824 --> 00:26:17,659",lt was the possibility of losing you,ಎಲ್ಟಿ ಸಾಧ್ಯತೆಯಾಗಿತ್ತು ನಿಮ್ಮನ್ನು ಕಳೆದುಕೊಳ್ಳುವ
"00:26:17,826 --> 00:26:20,328",or the certainty of losing all those other agents.,ಅಥವಾ ಕಳೆದುಕೊಳ್ಳುವ ನಿಶ್ಚಿತತೆ ಆ ಎಲ್ಲಾ ಇತರ ಏಜೆಂಟರು.
"00:26:20,579 --> 00:26:23,331",I made the only decision I could and you know it.,ನಾನು ಮಾತ್ರ ಮಾಡಿದ್ದೇನೆ ನಿರ್ಧಾರ ನನಗೆ ಸಾಧ್ಯವಾಯಿತು ಮತ್ತು ನಿಮಗೆ ತಿಳಿದಿದೆ.
"00:26:24,375 --> 00:26:25,667",I think you lost your nerve.,ನಿಮ್ಮ ನರವನ್ನು ನೀವು ಕಳೆದುಕೊಂಡಿದ್ದೀರಿ ಎಂದು ನಾನು ಭಾವಿಸುತ್ತೇನೆ.
"00:26:25,834 --> 00:26:28,253","What do you expect, a bloody apology?","ನೀವು ಏನು ನಿರೀಕ್ಷಿಸುತ್ತೀರಿ, ರಕ್ತಸಿಕ್ತ ಕ್ಷಮೆಯಾಚನೆ?"
"00:26:28,671 --> 00:26:30,046",You know the rules of the game.,ನಿಮಗೆ ತಿಳಿದಿದೆ ಆಟದ ನಿಯಮಗಳು.
"00:26:30,172 --> 00:26:31,589",You've been playing it long enough.,ನೀವು ಇದ್ದೀರಿ ಸಾಕಷ್ಟು ಉದ್ದವಾಗಿ ಆಡುತ್ತಿದ್ದಾರೆ.
"00:26:31,674 --> 00:26:32,715",We both have.,ನಾವಿಬ್ಬರೂ ಹೊಂದಿದ್ದೇವೆ.
"00:26:33,676 --> 00:26:34,926",Maybe too long.,ಬಹುಶಃ ತುಂಬಾ ಉದ್ದವಾಗಿದೆ.
"00:26:35,761 --> 00:26:37,262",Speak for yourself.,ನಿಮಗಾಗಿ ಮಾತನಾಡಿ.
"00:26:39,890 --> 00:26:41,849","Ronson didn't make it, did he?","ರಾನ್ಸನ್ ಅದನ್ನು ಮಾಡಲಿಲ್ಲ, ಅಲ್ಲವೇ?"
"00:26:42,935 --> 00:26:44,018",No.,ಇಲ್ಲ.
"00:26:47,356 --> 00:26:48,856",So this is it.,ಆದ್ದರಿಂದ ಇದು.
"00:26:49,275 --> 00:26:51,276",We're both played out.,ನಾವಿಬ್ಬರೂ ಆಡಿದ್ದೇವೆ.
"00:26:52,194 --> 00:26:54,404","Well, if you believe that, why did you come back?","ಸರಿ, ನೀವು ಅದನ್ನು ನಂಬಿದರೆ, ನೀವು ಯಾಕೆ ಹಿಂತಿರುಗಿದ್ದೀರಿ?"
"00:26:54,863 --> 00:26:56,197",Good question.,ಒಳ್ಳೆಯ ಪ್ರಶ್ನೆ.
"00:26:57,950 --> 00:26:59,784",Because we're under attack.,ಏಕೆಂದರೆ ನಾವು ಆಕ್ರಮಣಕ್ಕೊಳಗಾಗಿದ್ದೇವೆ.
"00:27:01,704 --> 00:27:03,788",And you know we need you.,ಮತ್ತು ನಾವು ನಿಮಗೆ ಬೇಕು ಎಂದು ನಿಮಗೆ ತಿಳಿದಿದೆ.
"00:27:08,043 --> 00:27:09,294","Well, I'm here.","ಸರಿ, ನಾನು ಇಲ್ಲಿದ್ದೇನೆ."
"00:27:11,046 --> 00:27:14,632",You'll have to be debriefed and declared fit for active service.,ನೀವು ವಿವರಿಸಬೇಕಾಗುತ್ತದೆ ಮತ್ತು ಫಿಟ್ ಎಂದು ಘೋಷಿಸಲಾಗಿದೆ ಸಕ್ರಿಯ ಸೇವೆಗಾಗಿ.
"00:27:15,217 --> 00:27:17,552","You can only return to duty when you've passed the tests,","ನೀವು ಮಾತ್ರ ಹಿಂತಿರುಗಬಹುದು ನೀವು ಬಂದಾಗ ಕರ್ತವ್ಯಕ್ಕೆ ಪರೀಕ್ಷೆಗಳನ್ನು ಉತ್ತೀರ್ಣರಾದರು,"
"00:27:17,720 --> 00:27:20,054",so take them seriously.,ಆದ್ದರಿಂದ ಅವರನ್ನು ಗಂಭೀರವಾಗಿ ಪರಿಗಣಿಸಿ.
"00:27:20,472 --> 00:27:22,640",And a shower might be in order.,ಮತ್ತು ಶವರ್ ಕ್ರಮದಲ್ಲಿರಬಹುದು.
"00:27:23,392 --> 00:27:24,892",I'll go home and change.,ನಾನು ಮನೆಗೆ ಹೋಗಿ ಬದಲಾಗುತ್ತೇನೆ.
"00:27:25,477 --> 00:27:29,063","Oh, we've sold your flat, put your things into storage.","ಓಹ್, ನಾವು ನಿಮ್ಮ ಫ್ಲಾಟ್ ಅನ್ನು ಮಾರಾಟ ಮಾಡಿದ್ದೇವೆ, ನಿಮ್ಮ ವಸ್ತುಗಳನ್ನು ಶೇಖರಣೆಗೆ ಇರಿಸಿ."
"00:27:30,107 --> 00:27:33,234",Standard procedure on the death of an unmarried employee,ಪ್ರಮಾಣಿತ ವಿಧಾನ ಸಾವಿನ ಮೇಲೆ ಅವಿವಾಹಿತ ಉದ್ಯೋಗಿ
"00:27:33,319 --> 00:27:35,611",with no next of kin.,ಮುಂದಿನ ರಕ್ತಸಂಬಂಧಗಳಿಲ್ಲ.
"00:27:35,738 --> 00:27:37,405",You should have called.,ನೀವು ಕರೆ ಮಾಡಿರಬೇಕು.
"00:27:37,573 --> 00:27:39,282",I'll find a hotel.,ನಾನು ಹೋಟೆಲ್ ಹುಡುಕುತ್ತೇನೆ.
"00:27:39,575 --> 00:27:41,909","Well, you're bloody well not sleeping here.","ಸರಿ, ನೀವು ರಕ್ತಸಿಕ್ತರಾಗಿದ್ದೀರಿ ಸರಿ ಇಲ್ಲಿ ಮಲಗುತ್ತಿಲ್ಲ."
"00:28:09,813 --> 00:28:12,440","TANNER: The assailant hacked into the environmental control system,","ಟ್ಯಾನರ್: ಆಕ್ರಮಣಕಾರನನ್ನು ಹ್ಯಾಕ್ ಮಾಡಲಾಗಿದೆ ಪರಿಸರಕ್ಕೆ ನಿಯಂತ್ರಣ ವ್ಯವಸ್ಥೆ,"
"00:28:12,524 --> 00:28:14,108",locked out the safety protocols,ಲಾಕ್ out ಟ್ ಸುರಕ್ಷತಾ ಪ್ರೋಟೋಕಾಲ್ಗಳು
"00:28:14,276 --> 00:28:17,612","and turned on the gas, all of which should have been impossible.","ಮತ್ತು ಅನಿಲವನ್ನು ಆನ್ ಮಾಡಿ, ಇವೆಲ್ಲವೂ ಮಾಡಬೇಕು ಅಸಾಧ್ಯ."
"00:28:17,946 --> 00:28:20,114","On top of that, they hacked into her files.","ಅದರ ಮೇಲೆ, ಅವರು ಅವಳ ಫೈಲ್‌ಗಳಲ್ಲಿ ಹ್ಯಾಕ್ ಮಾಡಿದರು."
"00:28:20,657 --> 00:28:23,534","They knew her appointments, knew she'd be out of the building.","ಅವಳ ನೇಮಕಾತಿಗಳನ್ನು ಅವರು ತಿಳಿದಿದ್ದರು, ಅವಳು ಹೊರಗುಳಿಯಬೇಕೆಂದು ತಿಳಿದಿತ್ತು ಕಟ್ಟಡದ."
"00:28:23,660 --> 00:28:25,453",They weren't targeting her.,ಅವರು ಅವಳನ್ನು ಗುರಿಯಾಗಿಸುತ್ತಿರಲಿಲ್ಲ.
"00:28:26,163 --> 00:28:28,039",They wanted her to see it.,ಅವಳು ಅದನ್ನು ನೋಡಬೇಕೆಂದು ಅವರು ಬಯಸಿದ್ದರು.
"00:28:29,458 --> 00:28:30,750","Where are we, Tanner?","ನಾವು ಎಲ್ಲಿದ್ದೇವೆ, ಟ್ಯಾನರ್?"
"00:28:30,876 --> 00:28:32,168",New digs.,ಹೊಸ ಡಿಗ್ಸ್.
"00:28:40,052 --> 00:28:43,221","The old building was declared ""strategically vulnerable"".","ಹಳೆಯ ಕಟ್ಟಡವನ್ನು ಘೋಷಿಸಲಾಯಿತು ""ಕಾರ್ಯತಂತ್ರದ ದುರ್ಬಲ""."
"00:28:43,555 --> 00:28:45,473",That's putting it mildly.,ಅದು ಸ್ವಲ್ಪಮಟ್ಟಿಗೆ ಹಾಕುತ್ತಿದೆ.
"00:28:45,641 --> 00:28:48,976",He was able to breach the most secure computer system in Britain.,ಅವರು ಸಾಧ್ಯವಾಯಿತು ಅತ್ಯಂತ ಸುರಕ್ಷಿತವನ್ನು ಉಲ್ಲಂಘಿಸಿ ಬ್ರಿಟನ್‌ನಲ್ಲಿ ಕಂಪ್ಯೂಟರ್ ಸಿಸ್ಟಮ್.
"00:28:49,061 --> 00:28:50,853",So we're on war footing now.,ಆದ್ದರಿಂದ ನಾವು ಈಗ ಯುದ್ಧದ ಹೆಜ್ಜೆಯಲ್ಲಿದ್ದೇವೆ.
"00:28:51,688 --> 00:28:53,856",This was part of Churchill's bunker.,ಇದು ಒಂದು ಭಾಗವಾಗಿತ್ತು ಚರ್ಚಿಲ್ ಅವರ ಬಂಕರ್.
"00:28:54,316 --> 00:28:55,566",We're still discovering tunnels,ನಾವು ಇನ್ನೂ ಸುರಂಗಗಳನ್ನು ಕಂಡುಹಿಡಿಯಲಾಗುತ್ತಿದೆ
"00:28:55,692 --> 00:28:56,984",dating back to the 1 8th Century.,ಮತ್ತೆ ಡೇಟಿಂಗ್ 1 8 ನೇ ಶತಮಾನ.
"00:28:57,152 --> 00:28:59,487","Quite fascinating, if it wasn't for the rats.","ಸಾಕಷ್ಟು ಆಕರ್ಷಕ, ಅದು ಇಲಿಗಳಿಗೆ ಇಲ್ಲದಿದ್ದರೆ."
"00:28:59,696 --> 00:29:01,155",When do I see M?,ನಾನು ಯಾವಾಗ ಎಂ ಅನ್ನು ನೋಡುತ್ತೇನೆ?
"00:29:01,240 --> 00:29:04,700","Tomorrow you'll see M and Mallory, too, if you're lucky.","ನಾಳೆ ನೀವು ನೋಡುತ್ತೀರಿ ಎಂ ಮತ್ತು ಮಲ್ಲೊರಿ ಕೂಡ, ನೀವು ಅದೃಷ್ಟವಂತರಾಗಿದ್ದರೆ."
"00:29:04,827 --> 00:29:05,993",Who's Mallory?,ಮಲ್ಲೊರಿ ಯಾರು?
"00:29:06,161 --> 00:29:08,830",The new Chairman of the Intelligence and Security Committee.,ಹೊಸ ಅಧ್ಯಕ್ಷರು ಬುದ್ಧಿವಂತಿಕೆಯ ಮತ್ತು ಭದ್ರತಾ ಸಮಿತಿ.
"00:29:08,914 --> 00:29:09,997",Charming man. I think you and he,ಆಕರ್ಷಕ ಮನುಷ್ಯ. ನೀವು ಮತ್ತು ಅವನು ಎಂದು ನಾನು ಭಾವಿಸುತ್ತೇನೆ
"00:29:10,082 --> 00:29:11,499",are really going to hit it off.,ನಿಜವಾಗಿಯೂ ಅದನ್ನು ಹೊಡೆಯಲು ಹೋಗುತ್ತಿದೆ.
"00:29:13,752 --> 00:29:15,753",Welcome to the new Ml6.,ಹೊಸ ML6 ಗೆ ಸುಸ್ವಾಗತ.
"00:29:32,229 --> 00:29:34,897","We've attempted to trace the computer message, but","ನಾವು ಪತ್ತೆಹಚ್ಚಲು ಪ್ರಯತ್ನಿಸಿದ್ದೇವೆ ಕಂಪ್ಯೂಟರ್ ಸಂದೇಶ, ಆದರೆ"
"00:29:35,065 --> 00:29:38,025","it was sent by an asymmetrical security algorithm,","ಇದನ್ನು ಅಸಮಪಾರ್ಶ್ವದಿಂದ ಕಳುಹಿಸಲಾಗಿದೆ ಭದ್ರತಾ ಅಲ್ಗಾರಿದಮ್,"
"00:29:38,193 --> 00:29:39,694",which bounced the signal all over the globe,ಇದು ಸಿಗ್ನಲ್ ಅನ್ನು ಬೌನ್ಸ್ ಮಾಡಿದೆ ಪ್ರಪಂಚದಾದ್ಯಂತ
"00:29:39,778 --> 00:29:41,779",through over a thousand different servers.,ಮೂಲಕ ಸಾವಿರ ವಿಭಿನ್ನ ಸರ್ವರ್‌ಗಳು.
"00:29:41,864 --> 00:29:43,573","And now that they've accessed M's codes,","ಮತ್ತು ಈಗ ಅವರು ಎಂ ನ ಕೋಡ್‌ಗಳನ್ನು ಪ್ರವೇಶಿಸಲಾಗಿದೆ,"
"00:29:43,699 --> 00:29:46,367",it's only a matter of time before they're able to decrypt the list.,ಇದು ಕೇವಲ ಸಮಯದ ವಿಷಯ ಅವರು ಸಾಧ್ಯವಾಗುವ ಮೊದಲು ಪಟ್ಟಿಯನ್ನು ಡೀಕ್ರಿಪ್ಟ್ ಮಾಡಲು.
"00:29:46,452 --> 00:29:48,953",Q-Branch have been analyzing the picture but so far nothing.,ಪ್ರಶ್ನೆ-ಬ್ರಾಂಚ್ ಮಾಡಲಾಗಿದೆ ಚಿತ್ರವನ್ನು ವಿಶ್ಲೇಷಿಸಲಾಗುತ್ತಿದೆ ಆದರೆ ಇಲ್ಲಿಯವರೆಗೆ ಏನೂ ಇಲ್ಲ.
"00:29:49,621 --> 00:29:52,373",The general feeling is it's probably someone from her past.,ಸಾಮಾನ್ಯ ಭಾವನೆ ಇದು ಬಹುಶಃ ಯಾರಾದರೂ ಅವಳ ಹಿಂದಿನ ಕಾಲದಿಂದ.
"00:29:52,458 --> 00:29:55,042",Perhaps when she was running things in Hong Kong.,ಬಹುಶಃ ಅವಳು ಯಾವಾಗ ವಿಷಯಗಳನ್ನು ನಡೆಸುತ್ತಿದ್ದೆ ಹಾಂಗ್ ಕಾಂಗ್ನಲ್ಲಿ.
"00:29:55,127 --> 00:29:56,544",She's no idea what it all means.,ಅವಳು ತಿಳಿದಿಲ್ಲ ಇದರ ಅರ್ಥವೇನು.
"00:29:56,670 --> 00:29:57,795",You believe that?,ನೀವು ಅದನ್ನು ನಂಬುತ್ತೀರಾ?
"00:29:57,963 --> 00:29:59,964","The truth is, we don't have a clue who took the list","ಸತ್ಯ, ನಮಗೆ ಸುಳಿವು ಇಲ್ಲ ಯಾರು ಪಟ್ಟಿಯನ್ನು ತೆಗೆದುಕೊಂಡರು"
"00:06:42,778 --> 00:06:44,403",(GRUNTING),(ಗೊಣಗುವುದು)
"00:30:01,258 --> 00:30:03,384",or what they plan to do with it.,ಅಥವಾ ಅವರು ಏನು ಅದನ್ನು ಮಾಡಲು ಯೋಜಿಸಿ.
"00:30:10,225 --> 00:30:11,517",We can always do this later.,ನಾವು ಇದನ್ನು ಯಾವಾಗಲೂ ನಂತರ ಮಾಡಬಹುದು.
"00:30:12,394 --> 00:30:15,438",You know what? Let's.,ನಿಮಗೆ ಏನು ಗೊತ್ತು? ಮಾಡೋಣ.
"00:31:22,381 --> 00:31:25,466",I'd like to start with some simple word associations.,ನಾನು ಪ್ರಾರಂಭಿಸಲು ಬಯಸುತ್ತೇನೆ ಕೆಲವು ಸರಳದೊಂದಿಗೆ ಪದ ಸಂಘಗಳು.
"00:31:25,551 --> 00:31:27,969",Just tell me the first word that pops into your head.,ಮೊದಲ ಪದವನ್ನು ಹೇಳಿ ಅದು ನಿಮ್ಮ ತಲೆಗೆ ಪುಟಿಯುತ್ತದೆ.
"00:31:28,136 --> 00:31:30,513","For example, I might say ""Day"" and you might say. . .","ಉದಾಹರಣೆಗೆ, ನಾನು ""ದಿನ"" ಎಂದು ಹೇಳಬಹುದು ಮತ್ತು ನೀವು ಹೇಳಬಹುದು. . ."
"00:31:30,639 --> 00:31:31,639",Wasted.,ವ್ಯರ್ಥ.
"00:31:35,894 --> 00:31:37,228",All right.,ಸರಿ.
"00:31:41,608 --> 00:31:42,942",Gun.,ಗನ್.
"00:31:44,069 --> 00:31:46,028",Shot. Agent.,ಶಾಟ್. ಏಜೆಂಟ್.
"00:31:46,154 --> 00:31:47,530",Provocateur.,ಪ್ರಚೋದಕ.
"00:31:47,656 --> 00:31:48,614",Woman.,ಮಹಿಳೆ.
"00:31:48,740 --> 00:31:49,657",Provocatrix.,ಪ್ರೊವೊಕಾಟ್ರಿಕ್ಸ್.
"00:31:49,908 --> 00:31:50,866",Heart.,ಹೃದಯ.
"00:31:50,993 --> 00:31:51,993",Target.,ಗುರಿ.
"00:31:52,995 --> 00:31:54,203",Bird.,ಪಕ್ಷಿ.
"00:31:54,329 --> 00:31:55,538",Sky.,ಆಕಾಶ.
"00:31:55,706 --> 00:31:56,747",M.,ಎಂ.
"00:31:56,873 --> 00:31:57,915",Bitch.,ಬಿಚ್.
"00:32:00,335 --> 00:32:01,419",MAN: Sunlight.,ಮನುಷ್ಯ: ಸೂರ್ಯನ ಬೆಳಕು.
"00:32:01,545 --> 00:32:02,670",Swim.,ಈಜು.
"00:32:02,754 --> 00:32:04,505",Moonlight. Dance.,ಮೂನ್ಲೈಟ್. ನೃತ್ಯ.
"00:32:04,673 --> 00:32:05,840",Murder.,ಕೊಲೆ.
"00:32:06,049 --> 00:32:07,258",Employment.,ಉದ್ಯೋಗ.
"00:32:07,676 --> 00:32:09,552",Country. England.,ದೇಶ. ಇಂಗ್ಲೆಂಡ್.
"00:32:09,678 --> 00:32:17,935",Skyfall.,ಸ್ಕೈಫಾಲ್.
"00:32:21,356 --> 00:32:22,607",Done.,ಮುಗಿದಿದೆ.
"00:32:28,905 --> 00:32:30,865","Well, this is going well.","ಸರಿ, ಇದು ಚೆನ್ನಾಗಿ ನಡೆಯುತ್ತಿದೆ."
"00:33:18,747 --> 00:33:20,498",Get these analyzed.,ಇವುಗಳನ್ನು ವಿಶ್ಲೇಷಿಸಿ.
"00:33:21,416 --> 00:33:23,084",For her eyes only.,ಅವಳ ಕಣ್ಣುಗಳಿಗೆ ಮಾತ್ರ.
"00:33:51,446 --> 00:33:53,114",She's ready for you.,ಅವಳು ನಿಮಗಾಗಿ ಸಿದ್ಧಳಾಗಿದ್ದಾಳೆ.
"00:33:53,490 --> 00:33:55,700","I'm sorry, have we met before?","ಕ್ಷಮಿಸಿ, ನಾವು ಮೊದಲು ಭೇಟಿಯಾಗಿದ್ದೇವೆಯೇ?"
"00:33:56,493 --> 00:33:58,619","I'm the one who should say ""sorry"".","ನಾನು ಯಾರು ""ಕ್ಷಮಿಸಿ"" ಎಂದು ಹೇಳಬೇಕು."
"00:34:00,872 --> 00:34:02,707",lt was only four ribs.,ಎಲ್ಟಿ ಕೇವಲ ನಾಲ್ಕು ಪಕ್ಕೆಲುಬುಗಳು.
"00:34:02,999 --> 00:34:05,209",Some of the less vital organs.,ಕಡಿಮೆ ಪ್ರಮುಖ ಅಂಗಗಳು.
"00:34:06,962 --> 00:34:08,421",Nothing major.,ಪ್ರಮುಖ ಏನೂ ಇಲ್ಲ.
"00:34:13,802 --> 00:34:15,386",Not enough excitement in Istanbul?,ಸಾಕಾಗುವುದಿಲ್ಲ ಇಸ್ತಾಂಬುಲ್‌ನಲ್ಲಿ ಉತ್ಸಾಹ?
"00:34:15,554 --> 00:34:17,138",I've been reassigned.,ನನ್ನನ್ನು ಮರು ನಿಯೋಜಿಸಲಾಗಿದೆ.
"00:34:17,222 --> 00:34:19,306",Temporary suspension from field work.,ತಾತ್ಕಾಲಿಕ ಅಮಾನತು ಕ್ಷೇತ್ರಕಾರ್ಯದಿಂದ.
"00:34:19,474 --> 00:34:20,891",Really? Mmm.,ನಿಜವಾಗಿಯೂ? ಮ್ಮ್.
"00:34:20,976 --> 00:34:22,643",Something to do with killing 007.,ಮಾಡಲು ಏನಾದರೂ ಕೊಲ್ಲುವುದರೊಂದಿಗೆ 007.
"00:34:23,019 --> 00:34:24,770","Well, you gave it your best shot.","ಸರಿ, ನೀವು ಅದನ್ನು ಕೊಟ್ಟಿದ್ದೀರಿ ನಿಮ್ಮ ಅತ್ಯುತ್ತಮ ಶಾಟ್."
"00:34:24,896 --> 00:34:26,647",That was hardly my best shot.,ಅದು ನನ್ನ ಅತ್ಯುತ್ತಮ ಶಾಟ್ ಆಗಿರಲಿಲ್ಲ.
"00:34:27,065 --> 00:34:29,066",I'm not sure I could survive your best.,ನಾನು ಖಚಿತವಾಗಿಲ್ಲ ನಿಮ್ಮ ಉತ್ತಮವಾಗಿ ಬದುಕಬಹುದು.
"00:34:29,234 --> 00:34:30,985",I doubt you'll get the chance.,ನಿಮಗೆ ಅವಕಾಶ ಸಿಗುತ್ತದೆ ಎಂದು ನನಗೆ ಅನುಮಾನವಿದೆ.
"00:34:31,403 --> 00:34:34,405","Well, do me a favor, will you? If they do ever let you back out there,","ಸರಿ, ನನಗೆ ಸಹಾಯ ಮಾಡಿ, ನೀವು? ಅವರು ಎಂದಾದರೂ ಅವಕಾಶ ನೀಡಿದರೆ ನೀವು ಅಲ್ಲಿಗೆ ಹಿಂತಿರುಗುತ್ತೀರಿ,"
"00:34:35,991 --> 00:34:37,158",warn me first.,ಮೊದಲು ನನಗೆ ಎಚ್ಚರಿಕೆ ನೀಡಿ.
"00:34:37,826 --> 00:34:40,494","I'm assisting Gareth Mallory in the transition,","ನಾನು ಗರೆಥ್ ಮಲ್ಲೊರಿಗೆ ಸಹಾಯ ಮಾಡುತ್ತಿದ್ದೇನೆ ಪರಿವರ್ತನೆಯಲ್ಲಿ,"
"00:34:40,662 --> 00:34:42,496",and then I'll be back in the field.,ತದನಂತರ ನಾನು ಆಗುತ್ತೇನೆ ಮತ್ತೆ ಕ್ಷೇತ್ರಕ್ಕೆ.