Timeline,en_dialogue,hindi_dialogue
"00:01:25,836 --> 00:01:27,920",Ronson's down.,रॉनसन नीचे।
"00:01:28,088 --> 00:01:29,589",He needs medical evac.,उसे चिकित्सकीय निकासी की जरूरत है।
"00:01:29,673 --> 00:01:31,424",M (OVER EARPIECE): Where is it? Is it there?,M (OVER EARPIECE): कहाँ है? क्या यह वहां है?
"00:01:31,508 --> 00:01:32,508",Hard drive's gone.,हार्ड ड्राइव चला गया।
"00:01:33,177 --> 00:01:34,510",M: Are you sure?,M: क्या आपको यकीन है?
"00:01:38,056 --> 00:01:39,474",It's gone. Give me a minute.,वह चला गया। मुझे एक मिनट दो।
"00:01:39,600 --> 00:01:41,517",They must have it. Get after them.,उनके पास होना ही चाहिए। उनके बाद जाओ।
"00:01:46,398 --> 00:01:47,523",I'm stabilizing Ronson.,मैं रॉनसन को स्थिर कर रहा हूं।
"00:01:47,691 --> 00:01:48,858",We don't have the time.,हमारे पास समय नहीं है।
"00:01:48,984 --> 00:01:50,526",I have to stop the bleeding !,मुझे रक्तस्राव को रोकना होगा!
"00:01:51,028 --> 00:01:52,612",Leave him!,उसे छोड़ दो!
"00:02:27,189 --> 00:02:28,648",BOND: Have you got him?,बांड: आप उसे मिल गया है?
"00:02:29,107 --> 00:02:30,608",He's in the black Audi.,वह काली ऑडी में है।
"00:02:31,485 --> 00:02:32,527",What about Ronson?,रॉनसन के बारे में क्या?
"00:02:32,653 --> 00:02:33,694",He's been hit.,वह मारा गया है।
"00:02:34,071 --> 00:02:35,905",We're sending an emergency evacuation squad.,हम भेज रहे हैं आपातकालीन निकासी दस्ते।
"00:02:35,989 --> 00:02:37,615",They'll be too bloody late!,वे बहुत देर से खूनी हो जाएगा!
"00:02:37,908 --> 00:02:38,908",(TIRES SCREECHING),(टायर स्कैनिंग)
"00:02:39,076 --> 00:02:40,284",He's seen us.,उसने हमें देखा है।
"00:02:40,828 --> 00:02:42,829",Medical evac for Ronson five minutes away.,रॉनसन के लिए चिकित्सा निकासी पाँच मिनट दूर।
"00:02:49,336 --> 00:02:51,170",That's all right. You weren't using it.,यह सब ठीक है। आप इसका उपयोग नहीं कर रहे थे।
"00:02:53,590 --> 00:02:55,591","I wasn't using that one, either.","मैं उपयोग नहीं कर रहा था वह एक, या तो।"
"00:03:40,971 --> 00:03:42,305",Keep your head down.,अपना सर नीचे रखो।
"00:03:42,472 --> 00:03:44,015",(GUNFIRE BLASTING),(गैनिफायर ब्लास्टिंग)
"00:04:17,341 --> 00:04:18,466",Just get clear!,बस स्पष्ट हो जाओ!
"00:04:20,427 --> 00:04:22,053","Tanner, which way?","टान्नर, कौन सा रास्ता?"
"00:04:22,179 --> 00:04:23,846",Keep going. I can direct you from here.,बढ़ा चल। मैं आपको यहां से निर्देशित कर सकता हूं।
"00:04:23,972 --> 00:04:25,514",You both know what's at stake here.,आप दोनों जानते हैं यहां क्या दांव पर लगा है।
"00:04:25,641 --> 00:04:27,183",We can't afford to lose that list.,हम बर्दाश्त नहीं कर सकते उस सूची को खोने के लिए।
"00:04:27,309 --> 00:04:28,309","Yes, ma'am.",हां मैम।
"00:04:58,215 --> 00:04:59,465",EVE: Where are they now?,EVE: अब वे कहां हैं?
"00:04:59,549 --> 00:05:02,009",They appear to be on the rooftops of the Grand Bazaar.,वे दिखाई देते हैं छतों पर हो ग्रांड बाजार का।
"00:05:54,062 --> 00:05:56,272",Take a left. There's a bridge. You can cut him off.,बाईं ओर जाओ। एक पुल है। आप उसे काट सकते हैं।
"00:06:27,345 --> 00:06:28,554","Down, sir!","नीचे, सर!"
"00:06:28,972 --> 00:06:30,473",(TRAIN HORN BLARING),(ट्रेन हॉर्न बर्निंग)
"00:06:48,533 --> 00:06:50,409","What happened? They're on the train, ma'am.","क्या हुआ? वे ट्रेन पर हैं, मैडम।"
"00:06:50,494 --> 00:06:51,702",What do you mean on the train?,ट्रेन पर आपका क्या मतलब है?
"00:06:51,828 --> 00:06:53,079","I mean, they're on top of a train.","मेरा मतलब, वे एक ट्रेन के ऊपर हैं।"
"00:06:53,205 --> 00:06:54,622","Well, get after them, for God's sake!","खैर, उनके बाद, भगवान के लिए!"
"00:07:25,195 --> 00:07:26,529",She's going out of range.,वह सीमा से बाहर जा रही है।
"00:07:26,655 --> 00:07:27,988",We've lost tracking. We're blind here.,हमने ट्रैकिंग खो दी है। हम यहां अंधे हैं।
"00:07:28,115 --> 00:07:29,990",What's going on? I'm still with them.,क्या चल रहा है? मैं अब भी उनके साथ हूं।
"00:07:30,117 --> 00:07:32,201","Get me CCTV, satellite, anything !","मुझे सी.सी.टी.वी., उपग्रह, कुछ भी!"
"00:08:22,169 --> 00:08:23,502",M: What was that?,M: वह क्या था?
"00:08:24,087 --> 00:08:25,087",VW Beetles.,वीडब्ल्यू बीटल।
"00:08:25,672 --> 00:08:26,755",I think.,मुझे लगता है।
"00:08:51,781 --> 00:08:54,366",Bond ! He's uncoupling the cars.,बॉन्ड! वह कारों को अनप्लग कर रहा है।
"00:09:32,739 --> 00:09:34,156","M: 007, are you all right?","M: 007, क्या तुम ठीक हो?"
"00:09:34,658 --> 00:09:36,325",Just changing carriages.,बस गाड़ियां बदल रही हैं।
"00:09:38,203 --> 00:09:39,912",What's going on? Report!,क्या चल रहा है? रिपोर्ट good!
"00:09:40,038 --> 00:09:41,747","It's rather hard to explain, ma'am.","बल्कि कठिन है समझाने के लिए, महोदया।"
"00:09:41,998 --> 00:09:43,540",007's still in pursuit.,007 की खोज अभी भी जारी है।
"00:10:48,231 --> 00:10:50,149",Looks like there isn't much more road.,लगता है वहाँ ज्यादा सड़क नहीं है।
"00:10:50,275 --> 00:10:52,234",I don't think I can go any further.,मुझे नहीं लगता कि मैं आगे भी जा सकते हैं।
"00:11:26,770 --> 00:11:28,270",I may have a shot.,मुझे गोली लग सकती है।
"00:11:35,445 --> 00:11:36,612",It's not clean.,यह साफ नहीं है।
"00:11:36,863 --> 00:11:38,364","Repeat, I do not have a clean shot.","दोहराएँ, मेरे पास नहीं है एक साफ शॉट।"
"00:11:45,789 --> 00:11:47,831",There's a tunnel ahead. I'm gonna lose them.,आगे एक सुरंग है। मैं उन्हें खो रहा हूँ।
"00:11:48,083 --> 00:11:49,625",Can you get into a better position?,क्या आप इसमें प्रवेश कर सकते हैं? एक बेहतर स्थिति?
"00:11:49,793 --> 00:11:51,335",Negative. There's no time.,नकारात्मक। समय नहीं है।
"00:11:53,421 --> 00:11:54,463",Take the shot.,शॉट ले लो।
"00:11:56,424 --> 00:11:57,758",I said take the shot.,मैंने कहा शॉट लो।
"00:11:59,386 --> 00:12:00,803",I can't! I may hit Bond.,मैं नहीं कर सकता! मैं बॉन्ड मार सकता हूं।
"00:12:00,970 --> 00:12:02,137",Take the bloody shot!,खूनी गोली ले लो!
"00:12:02,305 --> 00:12:03,305",(GUNSHOT),(गोली)
"00:12:25,370 --> 00:12:26,870",Agent down.,एजेंट नीचे।
"00:13:14,252 --> 00:13:16,753",This is the end,यह अंत है
"00:13:18,840 --> 00:13:23,844",Hold your breath and count to ten,अपनी साँसे थामो और दस तक गिनें
"00:13:25,346 --> 00:13:30,601",Feel the earth move and then,महसूस करें कि पृथ्वी हिल रही है और फिर
"00:13:31,811 --> 00:13:37,858",Hear my heart burst again,मेरा दिल फटते हुए फिर से सुनो
"00:13:39,402 --> 00:13:42,237",For this is the end,इस के लिए अंत है
"00:13:44,240 --> 00:13:49,286",I've drowned and dreamt this moment,मैं डूब गया हूं और इस पल का सपना देखा
"00:13:50,705 --> 00:13:55,918","So overdue, I owe them",अतिदेय मैं उनका कृपा पात्र हूं
"00:13:57,504 --> 00:14:02,674","Swept away, I'm stolen","बहुत अधिक भावुक हो गया, मेरा दिल चोरी हो गया"
"00:14:05,094 --> 00:14:07,971",Let the sky fall,आसमान को टूटने दो
"00:14:08,097 --> 00:14:10,849",When it crumbles,जब यह टुकडें - टुकडें हो जाता है
"00:14:11,351 --> 00:14:14,186",We will stand tall,हम लंबा खड़े होंगे
"00:14:14,270 --> 00:14:16,605",And face it all together,और सब मिलकर इसका सामना करें
"00:14:16,898 --> 00:14:19,066",At Skyfall,परेशान
"00:14:23,404 --> 00:14:26,657",Skyfall is where we start,स्काईफॉल वह जगह है जहां हम शुरू करते हैं
"00:14:29,160 --> 00:14:33,121",A thousand miles and poles apart,हजार मील और डंडे अलग
"00:14:35,542 --> 00:14:39,711",Where worlds collide and days are dark,जहां दुनिया टकराती है और दिन अंधेरे हैं
"00:14:39,796 --> 00:14:42,130",You may have my number,आपके पास मेरा नंबर हो सकता है
"00:14:42,257 --> 00:14:44,007",You can take my name,आप मेरा नाम ले सकते हैं
"00:14:45,176 --> 00:14:49,721",But you'll never have my heart,लेकिन तुम कभी मेरा दिल नहीं लगाओगे
"00:15:11,911 --> 00:15:16,498",And face it all together At Skyfall,और सब मिलकर इसका सामना करें परेशान
"00:15:21,421 --> 00:15:24,172",Where you go I go,जहां आपने जाना है मुझे भी वहीं जाना है
"00:15:24,841 --> 00:15:27,384",What you see I see,"आप जो देख रहे हैं, मैं देख रहा हूं"
"00:15:27,719 --> 00:15:32,889",I know I'd never be me without the security,मुझे पता है कि मैं कभी नहीं बनूंगा बिना सुरक्षा के
"00:15:34,183 --> 00:15:37,227",Of your loving arms,अपनी प्यार भरी भुजाओं का
"00:15:37,645 --> 00:15:40,188",keeping me from harm,नुकसान से मुझे बचाते हुए
"00:15:40,481 --> 00:15:45,152",Put your hand in my hand and we'll stand,अपना हाथ मेरे हाथ में रख दो और हम खड़े रहेंगे
"00:17:45,857 --> 00:17:48,233",It's like being summoned to the headmaster's study.,यह सम्मनित होने जैसा है हेडमास्टर के अध्ययन के लिए।
"00:17:48,359 --> 00:17:50,736",It's a new Chairman. Just standard procedure.,यह एक नया अध्यक्ष है। बस मानक प्रक्रिया।
"00:17:50,862 --> 00:17:52,988",Bloody waste of my time is what I call it.,मेरे खून की बर्बादी समय मैं इसे कहते हैं।
"00:17:53,156 --> 00:17:55,157",I'm sorry to have to deal with such,मुझे माफ करना ऐसे निपटने के लिए
"00:17:55,283 --> 00:17:57,242",a delicate subject at our first encounter.,एक नाजुक विषय है हमारी पहली मुठभेड़।
"00:17:59,996 --> 00:18:01,329","But, um. . .","लेकिन, उम। । ।"
"00:18:01,873 --> 00:18:03,665",I have to be frank with you.,मुझे तुम्हारे साथ फ्रैंक होना है।
"00:18:03,833 --> 00:18:05,834",I think that would be a good idea.,मुझे लगता है कि एक अच्छा विचार होगा।
"00:18:08,880 --> 00:18:10,881",The Prime Minister's concerned.,प्रधान मंत्री का चिंतित।
"00:18:11,674 --> 00:18:14,509","Well, you can tell him my operatives are pursuing every avenue.","खैर, आप उसे बता सकते हैं मेरे गुर्गों हैं हर एवेन्यू का पीछा।"
"00:18:14,677 --> 00:18:16,678",Have you considered pulling out the agents?,क्या तुमने विचार किया है एजेंटों को बाहर निकालना
"00:18:16,763 --> 00:18:18,180",I've considered every option.,मैंने हर विकल्प पर विचार किया है।
"00:18:18,264 --> 00:18:20,599","Forgive me, that sounds like an evasion.","मुझे माफ़ करदो, यह एक चोरी की तरह लगता है।"
"00:18:20,767 --> 00:18:22,684","Forgive me, but why am I here?","मुझे माफ़ करदो, पर मैं यहाँ क्यों हूँ?"
"00:18:23,895 --> 00:18:27,773","Three months ago, you lost the computer drive containing the identity","तीन महीने पहले, तुम हार गए कंप्यूटर ड्राइव पहचान से युक्त"
"00:18:27,899 --> 00:18:30,358",of almost every NATO agent embedded in,लगभग हर नाटो एजेंट में एम्बेडेड
"00:18:30,485 --> 00:18:32,903",terrorist organizations across the globe.,आतंकवादी संगठन दुनिया भर में।
"00:18:33,529 --> 00:18:36,406","A list which, in the eyes of our allies, never existed.","एक सूची जो, हमारे सहयोगियों की नजर में, कभी भी मौजूद नहीं।"
"00:18:36,741 --> 00:18:40,410","So if you'll forgive me, I think you know why you're here.","इसलिए यदि आप मुझे क्षमा करेंगे, मुझे लगता है तुम्हें पता है तुम यहाँ क्यों हो"
"00:18:40,578 --> 00:18:42,370","Are we to call this ""civilian oversight""?","क्या हम इसे कहते हैं ""नागरिक निरीक्षण""?"
"00:18:42,580 --> 00:18:46,041","No, we're to call this ""retirement planning.""","नहीं, हमें फोन करना है यह ""सेवानिवृत्ति योजना।"""
"00:18:47,752 --> 00:18:49,753",Your country has only the highest respect for you,अपना देश है केवल सर्वोच्च सम्मान तुम्हारे लिए
"00:18:49,879 --> 00:18:51,880",and your many years of service.,और आपका कई वर्षों की सेवा।
"00:18:52,215 --> 00:18:53,799","When your current posting is completed,","जब आपका करंट पोस्टिंग पूरी हो गई है,"
"00:18:53,883 --> 00:18:57,052",you'll be awarded GCMG with full honors.,आपको सम्मानित किया जाएगा पूरे सम्मान के साथ GCMG।
"00:18:58,554 --> 00:19:00,222",Congratulations.,बधाई हो।
"00:19:01,057 --> 00:19:02,098",You're firing me.,तुम मुझे निकाल रहे हो।
"00:19:02,266 --> 00:19:04,643","No, ma'am, I'm here to oversee the transition period","नहीं, महोदया, मैं यहां देखरेख करने के लिए हूं संक्रमण काल"
"00:19:04,769 --> 00:19:07,479",leading to your voluntary retirement in two months' time.,आपके लिए अग्रणी स्वैच्छिक सेवानिवृत्ति दो महीने के समय में।
"00:19:07,897 --> 00:19:10,398","Your successor has yet to be appointed, so we'll be asking you. . .","आपके उत्तराधिकारी हैं अभी तक नियुक्त, तो हम आपसे पूछेंगे। । ।"
"00:19:10,566 --> 00:19:12,275","I'm not an idiot, Mallory.","मैं कोई बेवकूफ नहीं हूं, मैलोरी।"
"00:19:12,944 --> 00:19:15,070",I know I can't do this job forever,मुझे पता है मैं नहीं कर सकता यह काम हमेशा के लिए
"00:19:15,404 --> 00:19:17,364",but I'll be damned if I'm going to leave the department,लेकिन मैं शापित हो जाऊंगा अगर मैं जा रहा हूँ विभाग छोड़ दें
"00:19:17,490 --> 00:19:19,491",in worse shape than I found it.,बदतर हालत में जितना मैंने पाया।
"00:19:19,659 --> 00:19:22,160","M, you've had a great run.","एम, आपने शानदार रन बनाए।"
"00:19:22,829 --> 00:19:24,287",You should leave with dignity.,आपको गरिमा के साथ छोड़ना चाहिए।
"00:19:24,413 --> 00:19:27,582","Oh, to hell with dignity. I'll leave when the job's done.","ओह, गरिमा के साथ नरक में। कब निकलूंगा काम हो गया।"
"00:19:46,644 --> 00:19:47,811",Yes?,हाँ?
"00:19:49,438 --> 00:19:50,480",Now?,अभी?
"00:19:52,441 --> 00:19:56,444","Ma'am, alert from Q-Branch. Someone's trying to decrypt the stolen hard drive.","क्यू-ब्रांच से अलर्ट मैम, किसी को डिक्रिप्ट करने की कोशिश कर रहा है चोरी हार्ड ड्राइव।"
"00:19:56,863 --> 00:19:58,947",We're tracing the encryption signal.,हम ट्रेस कर रहे हैं एन्क्रिप्शन सिग्नल।
"00:19:59,490 --> 00:20:00,615",Localizing now.,अब स्थानीयकरण।
"00:20:03,703 --> 00:20:05,120",Centering in the UK.,ब्रिटेन में केंद्रित।
"00:20:07,290 --> 00:20:08,540",London.,लंडन।
"00:20:08,875 --> 00:20:10,625",Get us back to base as soon as possible.,हमें बेस पर वापस लाएं जितनी जल्दी हो सके।
"00:20:17,967 --> 00:20:19,134",It's coming from Ml6.,यह Ml6 से आ रहा है।
"00:20:19,302 --> 00:20:20,468",What?,क्या?
"00:20:20,553 --> 00:20:22,762",The data packet is linking to our network.,डेटा पैकेट है हमारे नेटवर्क से लिंक करना।
"00:20:23,472 --> 00:20:25,473",Correction. This is behind our firewall.,भूल सुधार। यह हमारे फ़ायरवॉल के पीछे है।
"00:20:26,142 --> 00:20:27,100",We should shut down.,हमें बंद करना चाहिए।
"00:20:27,226 --> 00:20:28,184","No, track it.","नहीं, इसे ट्रैक करें।"
"00:20:28,644 --> 00:20:30,395",We have to know where it's coming from.,हमें जानना है यह कहां से आ रहा है
"00:20:30,813 --> 00:20:32,314",Strip the headers. Trace the source.,हेडर स्ट्रिप करें। स्रोत का पता लगाएं।
"00:20:32,648 --> 00:20:34,357",How the hell did they get into our system?,उन्होंने कैसे किया? हमारे सिस्टम में जाओ?
"00:20:34,984 --> 00:20:36,318",Getting trace back now.,अब वापस ट्रेस हो रही है।
"00:20:41,240 --> 00:20:42,490",lt appears. . .,लेफ्टिनेंट दिखाई देता है। । ।
"00:20:43,993 --> 00:20:45,577","lt appears to be your computer, ma'am.","लेफ्टिनेंट प्रतीत होता है आपका कंप्यूटर, मैम।"
"00:20:46,203 --> 00:20:47,329",Shut it down.,बंद कर दो।
"00:20:48,164 --> 00:20:49,831",(TAUNTING MUSIC PLAYS),(संगीत संगीत खेल)
"00:20:53,377 --> 00:20:54,502",What is this?,यह क्या है?
"00:21:14,482 --> 00:21:15,482",(SIGHS),(विलाप)
"00:21:15,733 --> 00:21:17,859",For God's sake!,भगवान के लिए!
"00:21:19,904 --> 00:21:21,404",Just get out of the way!,बस रास्ते से हट जाओ!
"00:21:22,281 --> 00:21:24,032",Don't you recognize the car? Madam.,क्या आप कार को नहीं पहचानते हैं? महोदया।
"00:21:24,367 --> 00:21:26,034",(EXPLOSION THUNDERS),(विस्तार सूत्र)
"00:23:06,427 --> 00:23:08,636",CROWD (BUILDING IN VOLUME): Oh. . . !,CROWD (वोल्यूम में निर्माण): ओह। । । !
"00:23:54,600 --> 00:23:57,352",ANNOUNCER (OVER TV): This is CNN Breaking News.,एंकर (कभी टीवी): यह सीएनएन ब्रेकिंग न्यूज है।
"00:23:57,686 --> 00:24:00,021",Emergency crews are still attempting to assess,आपातकालीन दल अभी भी हैं मूल्यांकन करने का प्रयास
"00:24:00,189 --> 00:24:02,524",the damage as investigators hunt for leads,के रूप में नुकसान जांचकर्ता लीड के लिए शिकार करते हैं
"00:24:02,691 --> 00:24:04,734",in what now appears to be a major,अब में क्या एक प्रमुख प्रतीत होता है
"00:24:04,860 --> 00:24:06,945",terrorist attack in the heart of London.,में आतंकवादी हमला लंदन का दिल।
"00:24:08,572 --> 00:24:11,783",No-one has yet claimed responsibility for what sources are calling,अभी तक किसी ने नहीं जिम्मेदारी का दावा किया क्या स्रोतों के लिए बुला रहे हैं
"00:24:11,951 --> 00:24:16,204","a possible ""cyber-terrorist assault"" on the British Secret Service.","संभव है ""साइबर आतंकवादी हमला"" ब्रिटिश सीक्रेट सर्विस पर।"
"00:24:16,372 --> 00:24:18,581",Early reports from the scene indicate,से प्रारंभिक रिपोर्ट दृश्य इंगित करता है
"00:24:18,707 --> 00:24:20,917","at least six dead, many more injured,","कम से कम छह मृत, कई और घायल,"
"00:24:21,127 --> 00:24:24,045",with victims being evacuated to local hospitals,पीड़ितों को निकाला जा रहा है स्थानीय अस्पतालों के लिए
"00:24:24,130 --> 00:24:25,964",within minutes of the explosion.,कुछ ही मिनटों में विस्फोट की।
"00:24:44,400 --> 00:24:46,151","It's time to go, ma'am.","जाने का समय हो गया, मैडम।"
"00:24:49,113 --> 00:24:51,406",I'm going to find whoever did this.,मैं खोजने जा रहा हूं जिसने भी ऐसा किया।
"00:25:40,623 --> 00:25:42,373",Where the hell have you been?,आप अब तक कहां रहे?
"00:25:43,167 --> 00:25:45,126",Enjoying death.,मृत्यु का आनंद लेना।
"00:25:46,462 --> 00:25:49,047",007 reporting for duty.,007 ड्यूटी के लिए रिपोर्टिंग।
"00:25:56,472 --> 00:25:58,014",Why didn't you call?,आपने फोन क्यों नहीं किया?
"00:25:58,474 --> 00:26:00,475",You didn't get the postcard?,आपको पोस्टकार्ड नहीं मिला?
"00:26:00,893 --> 00:26:02,727",You should try it some time. Get away from it all.,कभी - कभी आपको इसकी कोशिश करनी चाहिए। इस सबसे दूर चले जाओ।
"00:26:02,853 --> 00:26:04,687",lt really lends perspective.,लेफ्टिनेंट वास्तव में परिप्रेक्ष्य उधार देता है।
"00:26:05,314 --> 00:26:07,148","Ran out of drink where you were, did they?","शराब पीकर भागा तुम कहाँ थे, क्या उन्होंने"
"00:26:07,358 --> 00:26:08,983",What was it you said?,यह तुमने क्या कहा था?
"00:26:09,401 --> 00:26:11,486","""Take the bloody shot.""","""खूनी गोली ले लो।"""
"00:26:11,654 --> 00:26:13,029",I made a judgment call.,मैंने एक निर्णय लिया।
"00:26:13,197 --> 00:26:15,657",You should have trusted me to finish the job.,आपको मुझ पर भरोसा करना चाहिए था काम खत्म करने के लिए।
"00:26:15,824 --> 00:26:17,659",lt was the possibility of losing you,लेफ्टिनेंट संभावना थी तुम्हें खोने का
"00:26:17,826 --> 00:26:20,328",or the certainty of losing all those other agents.,या खोने की निश्चितता उन सभी अन्य एजेंटों।
"00:26:20,579 --> 00:26:23,331",I made the only decision I could and you know it.,मैंने ही बनाया निर्णय मैं कर सकता था और आप इसे जानते हैं।
"00:26:24,375 --> 00:26:25,667",I think you lost your nerve.,मुझे लगता है कि आपने अपना तंत्रिका खो दिया है।
"00:26:25,834 --> 00:26:28,253","What do you expect, a bloody apology?","आप क्या उम्मीद करते हैं, एक खूनी माफी?"
"00:26:28,671 --> 00:26:30,046",You know the rules of the game.,तुम्हे पता हैं खेल के नियम।
"00:26:30,172 --> 00:26:31,589",You've been playing it long enough.,तुम हो गए इसे काफी लंबे समय तक खेलना।
"00:26:31,674 --> 00:26:32,715",We both have.,हम दोनों के पास है।
"00:26:33,676 --> 00:26:34,926",Maybe too long.,शायद बहुत लंबा।
"00:26:35,761 --> 00:26:37,262",Speak for yourself.,अपने लिए आवाज उठाएं।
"00:26:39,890 --> 00:26:41,849","Ronson didn't make it, did he?","रॉनसन ने इसे नहीं बनाया, क्या उसने?"
"00:26:42,935 --> 00:26:44,018",No.,नहीं।
"00:26:47,356 --> 00:26:48,856",So this is it.,तो यही है।
"00:26:49,275 --> 00:26:51,276",We're both played out.,हम दोनों खेल चुके हैं।
"00:26:52,194 --> 00:26:54,404","Well, if you believe that, why did you come back?","यदि आप मानते हैं कि, तुम वापस क्यों आए?"
"00:26:54,863 --> 00:26:56,197",Good question.,अच्छा प्रश्न।
"00:26:57,950 --> 00:26:59,784",Because we're under attack.,क्योंकि हम पर हमला हो रहा है।
"00:27:01,704 --> 00:27:03,788",And you know we need you.,और आप जानते हैं कि हमें आपकी जरूरत है।
"00:27:08,043 --> 00:27:09,294","Well, I'm here.","खैर, मैं यहाँ हूँ।"
"00:27:11,046 --> 00:27:14,632",You'll have to be debriefed and declared fit for active service.,आपको डेब्यू करना पड़ेगा और फिट घोषित किया गया सक्रिय सेवा के लिए।
"00:27:15,217 --> 00:27:17,552","You can only return to duty when you've passed the tests,","तुम ही लौट सकते हो ड्यूटी करने के लिए जब आप परीक्षण पारित कर दिया,"
"00:27:17,720 --> 00:27:20,054",so take them seriously.,इसलिए उन्हें गंभीरता से लें।
"00:27:20,472 --> 00:27:22,640",And a shower might be in order.,और एक शॉवर क्रम में हो सकता है।
"00:27:23,392 --> 00:27:24,892",I'll go home and change.,मैं घर जाकर बदलूंगा।
"00:27:25,477 --> 00:27:29,063","Oh, we've sold your flat, put your things into storage.","ओह, हमने आपका फ्लैट बेच दिया है, अपनी चीजों को स्टोरेज में रखें।"
"00:27:30,107 --> 00:27:33,234",Standard procedure on the death of an unmarried employee,मानक प्रक्रिया की मृत्यु पर एक अविवाहित कर्मचारी
"00:27:33,319 --> 00:27:35,611",with no next of kin.,परिजनों के आगे नहीं।
"00:27:35,738 --> 00:27:37,405",You should have called.,आपको बुलाना चाहिए था।
"00:27:37,573 --> 00:27:39,282",I'll find a hotel.,मुझे एक होटल मिलेगा।
"00:27:39,575 --> 00:27:41,909","Well, you're bloody well not sleeping here.","अच्छा, तुम खूनी हो यहाँ नींद नहीं आ रही है।"
"00:28:09,813 --> 00:28:12,440","TANNER: The assailant hacked into the environmental control system,","TANNER: हमलावर ने हैक किया पर्यावरण में नियंत्रण प्रणाली,"
"00:28:12,524 --> 00:28:14,108",locked out the safety protocols,बाहर ताला लगाना सुरक्षा प्रोटोकॉल
"00:28:14,276 --> 00:28:17,612","and turned on the gas, all of which should have been impossible.","और गैस चालू कर दी, जो सभी को चाहिए असंभव हो गया है।"
"00:28:17,946 --> 00:28:20,114","On top of that, they hacked into her files.","उसके ऊपर, उन्होंने उसकी फाइलों को हैक कर लिया।"
"00:28:20,657 --> 00:28:23,534","They knew her appointments, knew she'd be out of the building.","वे उसकी नियुक्तियों को जानते थे, पता था कि वह बाहर होगी इमारत का।"
"00:28:23,660 --> 00:28:25,453",They weren't targeting her.,वे उसे निशाना नहीं बना रहे थे।
"00:28:26,163 --> 00:28:28,039",They wanted her to see it.,वे उसे देखना चाहते थे।
"00:28:29,458 --> 00:28:30,750","Where are we, Tanner?","हम, टान्नर कहाँ हैं?"
"00:28:30,876 --> 00:28:32,168",New digs.,नया खोदता है।
"00:28:40,052 --> 00:28:43,221","The old building was declared ""strategically vulnerable"".","पुराना भवन घोषित हो गया ""रणनीतिक रूप से कमजोर""।"
"00:28:43,555 --> 00:28:45,473",That's putting it mildly.,वह हल्के से डाल रहा है।
"00:28:45,641 --> 00:28:48,976",He was able to breach the most secure computer system in Britain.,वह करने में सक्षम था सबसे सुरक्षित तोड़ो ब्रिटेन में कंप्यूटर प्रणाली।
"00:28:49,061 --> 00:28:50,853",So we're on war footing now.,तो हम अभी युद्धस्तर पर हैं।
"00:28:51,688 --> 00:28:53,856",This was part of Churchill's bunker.,का हिस्सा था चर्चिल का बंकर।
"00:28:54,316 --> 00:28:55,566",We're still discovering tunnels,अब भी थे सुरंगों की खोज
"00:28:55,692 --> 00:28:56,984",dating back to the 1 8th Century.,पुरानी तारीख पर 1 8 वीं शताब्दी।
"00:28:57,152 --> 00:28:59,487","Quite fascinating, if it wasn't for the rats.","काफी आकर्षक, अगर यह चूहों के लिए नहीं था।"
"00:28:59,696 --> 00:29:01,155",When do I see M?,मुझे एम कब दिखाई देता है?
"00:29:01,240 --> 00:29:04,700","Tomorrow you'll see M and Mallory, too, if you're lucky.","कल आप देखेंगे एम और मैलोरी, भी, यदि आप भाग्यशाली हुए।"
"00:29:04,827 --> 00:29:05,993",Who's Mallory?,कौन है मलोरी?
"00:29:06,161 --> 00:29:08,830",The new Chairman of the Intelligence and Security Committee.,नए अध्यक्ष इंटेलिजेंस का और सुरक्षा समिति।
"00:29:08,914 --> 00:29:09,997",Charming man. I think you and he,आकर्षक आदमी। मुझे लगता है कि आप और वह
"00:29:10,082 --> 00:29:11,499",are really going to hit it off.,सच हैं यह हिट करने के लिए जा रहा है।
"00:29:13,752 --> 00:29:15,753",Welcome to the new Ml6.,नए Ml6 में आपका स्वागत है।
"00:29:32,229 --> 00:29:34,897","We've attempted to trace the computer message, but","हमने ट्रेस करने का प्रयास किया है कंप्यूटर संदेश, लेकिन"
"00:29:35,065 --> 00:29:38,025","it was sent by an asymmetrical security algorithm,","यह एक विषम द्वारा भेजा गया था सुरक्षा एल्गोरिथ्म,"
"00:29:38,193 --> 00:29:39,694",which bounced the signal all over the globe,जिसने सिग्नल को बाउंस कर दिया दुनिया भर में
"00:29:39,778 --> 00:29:41,779",through over a thousand different servers.,के उपर से एक हजार अलग सर्वर।
"00:29:41,864 --> 00:29:43,573","And now that they've accessed M's codes,","और अब है कि वे है पहुंच एम के कोड,"
"00:29:43,699 --> 00:29:46,367",it's only a matter of time before they're able to decrypt the list.,यह केवल समय की बात है सक्षम होने से पहले सूची को डिक्रिप्ट करने के लिए।
"00:29:46,452 --> 00:29:48,953",Q-Branch have been analyzing the picture but so far nothing.,Q- ब्रांच रही है तस्वीर का विश्लेषण लेकिन अब तक कुछ नहीं।
"00:29:49,621 --> 00:29:52,373",The general feeling is it's probably someone from her past.,सामान्य भावना है यह शायद कोई है उसके अतीत से।
"00:29:52,458 --> 00:29:55,042",Perhaps when she was running things in Hong Kong.,शायद जब वह बातें चल रही थी हांगकांग में।
"00:29:55,127 --> 00:29:56,544",She's no idea what it all means.,वह कोई विचार नहीं है इसका क्या मतलब है।
"00:29:56,670 --> 00:29:57,795",You believe that?,तुम विश्वास करते हो कि?
"00:29:57,963 --> 00:29:59,964","The truth is, we don't have a clue who took the list","सच तो यह है, हमारे पास कोई सुराग नहीं है किसने सूची ली"
"00:06:42,778 --> 00:06:44,403",(GRUNTING),(घुरघुराना)
"00:30:01,258 --> 00:30:03,384",or what they plan to do with it.,या वे क्या इसके साथ करने की योजना है।
"00:30:10,225 --> 00:30:11,517",We can always do this later.,हम हमेशा बाद में ऐसा कर सकते हैं।
"00:30:12,394 --> 00:30:15,438",You know what? Let's.,आपको पता है कि? चलो।
"00:31:22,381 --> 00:31:25,466",I'd like to start with some simple word associations.,मैं शुरुआत करना चाहूंगा कुछ सरल के साथ शब्द संघों।
"00:31:25,551 --> 00:31:27,969",Just tell me the first word that pops into your head.,बस मुझे पहला शब्द बताओ कि आपके सिर में चबूतरे।
"00:31:28,136 --> 00:31:30,513","For example, I might say ""Day"" and you might say. . .","उदाहरण के लिए, मैं कह सकता हूं ""दिन"" और आप कह सकते हैं। । ।"
"00:31:30,639 --> 00:31:31,639",Wasted.,व्यर्थ।
"00:31:35,894 --> 00:31:37,228",All right.,ठीक है।
"00:31:41,608 --> 00:31:42,942",Gun.,बंदूक।
"00:31:44,069 --> 00:31:46,028",Shot. Agent.,शॉट। एजेंट।
"00:31:46,154 --> 00:31:47,530",Provocateur.,खास आदमी।
"00:31:47,656 --> 00:31:48,614",Woman.,महिला।
"00:31:48,740 --> 00:31:49,657",Provocatrix.,Provocatrix।
"00:31:49,908 --> 00:31:50,866",Heart.,दिल।
"00:31:50,993 --> 00:31:51,993",Target.,लक्ष्य।
"00:31:52,995 --> 00:31:54,203",Bird.,चिड़िया।
"00:31:54,329 --> 00:31:55,538",Sky.,आकाश।
"00:31:55,706 --> 00:31:56,747",M.,म।
"00:31:56,873 --> 00:31:57,915",Bitch.,कुतिया।
"00:32:00,335 --> 00:32:01,419",MAN: Sunlight.,MAN: सूर्य का प्रकाश।
"00:32:01,545 --> 00:32:02,670",Swim.,तैरने।
"00:32:02,754 --> 00:32:04,505",Moonlight. Dance.,चांदनी। नृत्य।
"00:32:04,673 --> 00:32:05,840",Murder.,हत्या।
"00:32:06,049 --> 00:32:07,258",Employment.,रोजगार।
"00:32:07,676 --> 00:32:09,552",Country. England.,देश। इंग्लैंड।
"00:32:09,678 --> 00:32:17,935",Skyfall.,आकाश गिरावट।
"00:32:21,356 --> 00:32:22,607",Done.,किया हुआ।
"00:32:28,905 --> 00:32:30,865","Well, this is going well.","खैर, यह अच्छा चल रहा है।"
"00:33:18,747 --> 00:33:20,498",Get these analyzed.,इनका विश्लेषण करवाएं।
"00:33:21,416 --> 00:33:23,084",For her eyes only.,केवल उसकी आँखों के लिए।
"00:33:51,446 --> 00:33:53,114",She's ready for you.,वह आपके लिए तैयार है।
"00:33:53,490 --> 00:33:55,700","I'm sorry, have we met before?","मुझे क्षमा करें, क्या हम पहले मिले हैं?"
"00:33:56,493 --> 00:33:58,619","I'm the one who should say ""sorry"".","मैं वही हूँ जो ""सॉरी"" कहना चाहिए।"
"00:34:00,872 --> 00:34:02,707",lt was only four ribs.,लेफ्टिनेंट केवल चार पसलियों था।
"00:34:02,999 --> 00:34:05,209",Some of the less vital organs.,कम महत्वपूर्ण अंगों में से कुछ।
"00:34:06,962 --> 00:34:08,421",Nothing major.,कोई बड़ी बात नहीं।
"00:34:13,802 --> 00:34:15,386",Not enough excitement in Istanbul?,पर्याप्त नहीं इस्तांबुल में उत्साह?
"00:34:15,554 --> 00:34:17,138",I've been reassigned.,मुझे आश्वस्त किया गया है।
"00:34:17,222 --> 00:34:19,306",Temporary suspension from field work.,अस्थायी निलंबन फील्ड वर्क से।
"00:34:19,474 --> 00:34:20,891",Really? Mmm.,वास्तव में? Mmm।
"00:34:20,976 --> 00:34:22,643",Something to do with killing 007.,कुछ करने के लिए 007 की हत्या के साथ।
"00:34:23,019 --> 00:34:24,770","Well, you gave it your best shot.","अच्छा, आपने दिया आपका सबसे अच्छा शॉट।"
"00:34:24,896 --> 00:34:26,647",That was hardly my best shot.,वह शायद ही मेरा सर्वश्रेष्ठ शॉट था।
"00:34:27,065 --> 00:34:29,066",I'm not sure I could survive your best.,मुझे यकीन नहीं है मैं अपने सर्वश्रेष्ठ से बच सकता है।
"00:34:29,234 --> 00:34:30,985",I doubt you'll get the chance.,मुझे संदेह है कि आपको मौका मिलेगा।
"00:34:31,403 --> 00:34:34,405","Well, do me a favor, will you? If they do ever let you back out there,","अच्छा, मुझे एक एहसान करो, क्या तुम करोगे? अगर वे कभी करते हैं तुम वहाँ से बाहर वापस,"
"00:34:35,991 --> 00:34:37,158",warn me first.,पहले मुझे आगाह करो।
"00:34:37,826 --> 00:34:40,494","I'm assisting Gareth Mallory in the transition,","मैं गैरेथ मालोरी की सहायता कर रहा हूं संक्रमण में,"
"00:34:40,662 --> 00:34:42,496",and then I'll be back in the field.,और फिर मैं हूँ वापस मैदान में।