en_dialogue,Timeline,hindi_dialogue
(Sonar pings),"00:01:45,714 --> 00:01:47,705",(सोनार पिंग्स)
13 metres. You should see it.,"00:01:50,674 --> 00:01:53,711",13 मीटर तुम्हे ये देखना चाहिये।
Okay. Take her up and over the bow rail.,"00:02:06,154 --> 00:02:09,271",ठीक है। उसे ऊपर और धनुष रेल पर ले जाओ।
"<i>Okay, Mir 2, we're going over the bow.</i> <i>Stay with us.</i>",,
(Mechanical whirring),"00:02:38,114 --> 00:02:40,105",(मैकेनिकल whirring)
"Okay, quiet. We're rolling.","00:02:45,954 --> 00:02:48,070","ठीक है, चुप रहो। हम रोलिंग कर रहे हैं"
Seeing her coming out of the darkness like a ghost ship...,"00:02:48,154 --> 00:02:51,829",उसे बाहर आने के बारे में देख रहे हैं एक भूत जहाज की तरह अंधेरे का ...
..still gets me every time.,"00:02:51,914 --> 00:02:53,632",.. मुझे हर बार मिल जाता है।
To see the sad ruin of the great ship sitting here...,"00:02:53,714 --> 00:02:58,310",उदास बर्बाद देखने के लिए यहां बैठे महान जहाज का ...
"..where she landed at 2:30 in the morning of April 15, 1912,...","00:02:58,394 --> 00:03:03,832","..वह वह 2:30 बजे उतरा 15 अप्रैल, 1 9 12 की सुबह, ..."
..after her long fall...,"00:03:03,874 --> 00:03:05,990",उसके बाद उसके लंबे पतन ...
..from the world above.,"00:03:06,994 --> 00:03:08,985",.. ऊपर की दुनिया से।
"You are so full of shit, boss!","00:03:09,714 --> 00:03:11,750","तुम इतने भरे हुए हो, बॉस!"
(Sonar pinging),"00:03:15,154 --> 00:03:17,145",(सोनार पिंगिंग)
Dive six - here we are again on the deck of Titanic.,"00:03:39,794 --> 00:03:43,707",छिद्र छः - हम फिर से हैं टाइटैनिक के डेक पर।
"2 1/2 miles down, 3,821 meters.","00:03:43,834 --> 00:03:49,670","2 1/2 मील नीचे, 3,821 मीटर।"
The pressure outside is 3 1/2 tons per square inch.,"00:03:49,754 --> 00:03:53,030",बाहर दबाव प्रति वर्ग इंच 3 1/2 टन है।
These windows are nine inches thick.,"00:03:53,114 --> 00:03:55,423",ये खिड़कियां नौ इंच मोटी हैं।
"If they go, it's sayonara in two microseconds.","00:03:55,514 --> 00:03:59,348","अगर वे जाते हैं, यह दो microseconds में Sayonara है।"
All right. Enough of that bullshit.,"00:03:59,434 --> 00:04:02,028",ठीक है। उस बकवास के पर्याप्त।
Put her down on the roof of the officers' quarters.,"00:04:15,194 --> 00:04:18,425",उसे छत पर रखो अधिकारियों के क्वार्टरों का।
Sure.,"00:04:18,594 --> 00:04:19,709",ज़रूर।
"<i>Okay, Mir 2.</i>",,
<i>We've landed on the grand staircase.</i> <i>You guys set to launch?</i>,,
"Yeah. Launching Dunkin now. Go, Charlie.","00:04:25,434 --> 00:04:27,994","हाँ। अब डंकिन लॉन्च करना जाओ, चार्ली।"
- Tether out. - Tether out.,"00:04:35,514 --> 00:04:37,823",- टिथर बाहर। - टिथर बाहर।
"Okay, Brock, we're dropping down along the hull.","00:04:37,914 --> 00:04:41,907","ठीक है, ब्रॉक, हम पतवार के साथ नीचे गिर रहे हैं।"
"Roger that. Okay, drop down and go into the first-class gangway door.","00:04:43,034 --> 00:04:47,550","ठीक है। ठीक है, नीचे जाओ और जाओ प्रथम श्रेणी के गैंगवे दरवाजे में।"
"I want you guys working the ""D"" deck, reception and the dining saloon.","00:04:47,634 --> 00:04:51,593","मैं चाहता हूं कि आप लोग ""डी"" डेक काम कर रहे हों, रिसेप्शन और डाइनिंग सैलून।"
Copy that.,"00:04:51,674 --> 00:04:53,505",उस की नकल करें।
- Now left. - I'm coming left.,"00:05:01,194 --> 00:05:03,230",- अब छोड़ दिया। - मैं बाएं आ रहा हूँ।
Brock: <i>Snoop Dog is on the move.</i>,,
<i>We're headed down the stairwell.</i>,,
"Okay, Lewis. Drop down to ""B"" deck.","00:05:17,234 --> 00:05:19,304","ठीक है, लुईस। ""बी"" डेक पर ड्रॉप करें।"
"Okay. ""A"" deck.","00:05:19,394 --> 00:05:20,622","ठीक है। ""एक डेक।"
"Lewis: Give me some rope, Captain.","00:05:20,714 --> 00:05:22,705","लुईस: मुझे कुछ रस्सी दें, कप्तान।"
"""B"" deck. Get in there.","00:05:22,794 --> 00:05:23,783","""बी"" डेक। वहां जाओ।"
Brock: Watch the doorframe.,"00:06:00,474 --> 00:06:02,704",ब्रॉक: दरवाजा फ्रेम देखें।
I see it. I got it.,"00:06:02,794 --> 00:06:04,512",मैँ इसे देखता हूँ। मैं समझ गया।
(Banging),"00:06:04,594 --> 00:06:06,027",(पिटाई)
"<font color=""","00:06:08,074 --> 00:06:09,666","<फ़ॉन्ट रंग = """
"We're good... Just chill, boss.","00:06:09,754 --> 00:06:11,631","हम अच्छे हैं ... बस शांत, मालिक।"
Brock: Make your turn.,"00:06:25,394 --> 00:06:27,225",ब्रॉक: अपनी बारी बनाओ।
"- Lewis: Cable out, Captain. - Make your turn.","00:06:27,314 --> 00:06:30,306","- लुईस: केबल आउट, कप्तान। - अपनी बारी बनाओ।"
"Brock, we're at the piano. You copy?","00:06:30,394 --> 00:06:32,703","ब्रॉक, हम पियानो में हैं। आप कॉपी करते हैं?"
"Brock: <i>Okay, copy that.</i>",,
"Brock: Right there, that's it!","00:06:41,674 --> 00:06:44,108","ब्रॉक: ठीक है, यही वह है!"
- That's the bedroom door! - I see it... I see it.,"00:06:44,194 --> 00:06:47,266",- वह शयनकक्ष का दरवाजा है! - मैं इसे देखता हूं ... मैं इसे देखता हूं।
We're in!,"00:06:55,754 --> 00:06:56,948",में थे!
"We're in, baby, we're there!","00:06:57,034 --> 00:06:59,753","हम अंदर हैं, बच्चे, हम वहाँ हैं!"
Brock: That's Hockley's bed.,"00:06:59,834 --> 00:07:02,109",ब्रॉक: यह हॉकी का बिस्तर है।
That's where the son of a bitch slept.,"00:07:02,194 --> 00:07:04,754",यही वह जगह है जहां एक कुतिया का बेटा सो गया था।
Lewis: Somebody left the water running.,"00:07:09,874 --> 00:07:12,593",लुईस: किसी ने पानी चल रहा है।
Hold it. Go back to the right.,"00:07:12,674 --> 00:07:15,234",इसे पकड़ो। दाईं ओर वापस जाओ।
That wardrobe door... Get closer.,"00:07:21,114 --> 00:07:23,753",वह अलमारी दरवाजा ... करीब आ जाओ।
"- You smelling something, boss? - I wanna see what's under it.","00:07:23,834 --> 00:07:27,144","- आप कुछ गंध, बॉस? - मैं देखना चाहता हूं कि इसके तहत क्या है।"
"Gimme my hands, man.","00:07:27,234 --> 00:07:28,667","मेरे हाथ, आदमी।"
All right...!,"00:07:33,834 --> 00:07:35,426",ठीक है...!
- Take it easy. It might come apart. - Okay.,"00:07:36,914 --> 00:07:40,509",- आराम से। यह अलग हो सकता है। - ठीक है।
"Go! Go, go, go!","00:07:40,594 --> 00:07:41,822",चले जाओ! जाओ जाओ जाओ!
"Flip it over, flip it over. Go.","00:07:41,914 --> 00:07:43,870","इसे फ्लिप करें, इसे फ़्लिप करें। चले जाओ।"
"Keep going. Go, go, go.","00:07:43,954 --> 00:07:46,593",बढ़ा चल। जाओ जाओ जाओ।
Okay. Drop it.,"00:07:46,674 --> 00:07:47,823",ठीक है। जाने दो।
"Oh, baby, baby... Are you seeing this, boss?","00:07:56,354 --> 00:07:59,710","ओह, बेबी, बेबी ... क्या आप इसे देख रहे हैं, बॉस?"
"It's payday, boys.","00:08:01,714 --> 00:08:03,705","यह payday, लड़के है।"
(Cheering),"00:08:15,554 --> 00:08:17,545",(जयकार)
Ka-ching!,"00:08:19,434 --> 00:08:21,186",Ka-चिंग!
"We did it, Bobby!","00:08:21,274 --> 00:08:22,912","हमने यह किया, बॉबी!"
"Lewis: Oh, yeah! Who's the man!","00:08:22,994 --> 00:08:25,952","लुईस: ओह, हाँ! यह आदमी कौन है!"
"Who's the best, baby?","00:08:26,034 --> 00:08:27,831","सबसे अच्छा कौन है, बेबी?"
"Say it, say it.","00:08:27,914 --> 00:08:29,313","कहो, इसे कहो।"
"You are, Lewis.","00:08:29,394 --> 00:08:31,271","तुम हो, लुईस।"
(Loud buzzing),"00:08:31,354 --> 00:08:33,424",(जोर से गूंजना)
"- Bobby, my cigar. - Right here.","00:08:33,514 --> 00:08:35,470","- बॉबी, मेरे सिगार। - यहीं।"
"Okay, crack her open.","00:08:42,714 --> 00:08:44,784","ठीक है, उसे खोलो।"
- Let me get around. Hang on. - You getting it?,"00:08:46,794 --> 00:08:50,548",- मुझे चारों ओर घूमने दो। डटे रहो। - आप इसे प्राप्त कर रहे हैं?
Shit.,"00:09:13,194 --> 00:09:15,071",मल।
No diamond.,"00:09:15,714 --> 00:09:17,432",कोई हीरा नहीं
"You know, boss,...","00:09:17,514 --> 00:09:19,391","आप जानते हैं, बॉस, ..."
"..the same thing happened to Geraldo, and his career never recovered.","00:09:19,474 --> 00:09:24,468",".. Geraldo के साथ एक ही बात हुई, और उसका करियर कभी नहीं बरामद हुआ।"
Turn the camera off.,"00:09:26,234 --> 00:09:28,190",कैमरा बंद करें।
"Brock, the partners would like to know how it's going.","00:09:28,274 --> 00:09:32,426","ब्रॉक, साझेदार होगा यह जानना पसंद है कि यह कैसा चल रहा है।"
"Hey, Dave. Barry. Hi. Look, it wasn't in the safe, but hey...","00:09:32,514 --> 00:09:36,302","अरे, डेव। बैरी। नमस्ते। देखो, यह सुरक्षित में नहीं था, लेकिन हे ..."
..don't worry about it. There's plenty of places it could be.,"00:09:36,394 --> 00:09:40,273",.. इसके बारे में चिंता मत करो। वहां बहुत सारे स्थान हो सकते हैं।
"The floor debris, the mother's room...","00:09:40,354 --> 00:09:42,424","फर्श मलबे, मां का कमरा ..."
"- Purser's safe on ""C"" deck. - Jimmy Hoffa's briefcase.","00:09:42,514 --> 00:09:44,903","- ""सी"" डेक पर पर्सर सुरक्षित है। जिमी होफा का ब्रीफ़केस।"
Brock: A dozen other places.,"00:09:44,994 --> 00:09:46,632",ब्रॉक: एक दर्जन अन्य जगहें।
You've got to trust my instincts. I know we're close.,"00:09:46,714 --> 00:09:49,911",आपको मेरी सहजता पर भरोसा करना है। मुझे पता है कि हम करीब हैं।
We just got to go through a process of elimination.,"00:09:49,994 --> 00:09:53,430",हमें बस जाना है उन्मूलन की प्रक्रिया।
Hang on a second.,"00:09:53,514 --> 00:09:55,505",एक सेकंड इंतज़ार करो।
Let me see that.,"00:09:57,474 --> 00:09:59,465",मुझे वह देखने दो।
"We might have something here, guys.","00:09:59,514 --> 00:10:01,391","हमारे यहां कुछ लोग हो सकते हैं, दोस्तों।"
Where's the photo of the necklace?,"00:10:02,914 --> 00:10:05,508",हार की तस्वीर कहां है?
- We'll call you right back. - Holy...,"00:10:05,554 --> 00:10:08,193",- हम आपको वापस बुलाएंगे। - पवित्र ...
I'll be goddamned.,"00:10:17,754 --> 00:10:19,745",मैं भगवान बन जाऊंगा।
(TV) <i>Treasure hunter Brock Lovett</i> <i>is best known for finding Spanish gold...</i>,,
It's okay. I'll feed you in a minute.,"00:10:25,714 --> 00:10:28,547",ठीक है। मैं आपको एक मिनट में खिलाऊंगा।
<i>He's chartered a Russian sub to reach</i> <i>the most famous wreck of all: Titanic.</i>,,
<i>He's with us live via satellite from</i> <i>the Keldysh in the North Atlantic.</i>,,
"<i>- Hello, Brock.</i> <i>- Hello, Tracy.</i>",,
"<i>Everyone knows</i> <i>the stories of Titanic,...</i>",,
"<i>..the nobility,</i> <i>the band playing and all that.</i>",,
"<i>I'm interested in the untold stories,</i> <i>the secrets deep inside the hull.</i>",,
<i>We're using robot technology</i> <i>to go further into the wreck...</i>,,
<i>..than anybody's ever done before.</i>,,
<i>You're at the centre of a controversy...</i>,,
"<i>..over salvage rights, and ethics.</i> <i>Many are calling you a grave robber.</i>",,
"<i>Nobody called the recovery</i> <i>of King Tut ""grave robbing"".</i>",,
"- What is it? - Turn that up, dear.","00:11:06,754 --> 00:11:09,393","- यह क्या है? - इसे चालू करो, प्रिये।"
<i>I have museum-trained experts here...</i>,,
<i>..making sure these relics</i> <i>are treated properly.</i>,,
<i>Look at this drawing</i> <i>we found just today.</i>,,
<i>A piece of paper that's been</i> <i>underwater for 84 years...</i>,,
<i>..and my team were able</i> <i>to preserve it intact.</i>,,
<i>Should this have remained unseen</i> <i>at the bottom of the ocean for eternity?</i>,,
Brock! There's a satellite call for you.,"00:11:34,714 --> 00:11:37,672",ब्रॉक! आपके लिए एक उपग्रह कॉल है।
"Bobby, we're launching. You see these submersibles going in?","00:11:37,754 --> 00:11:41,588","बॉबी, हम लॉन्च कर रहे हैं। आप इन submersibles में जा रहे हैं?"
"Trust me, buddy. You wanna take this call.","00:11:41,674 --> 00:11:44,234","मेरा विश्वास करो, दोस्त। आप यह कॉल लेना चाहते हैं।"
This better be good.,"00:11:45,474 --> 00:11:47,430",यह बेहतर होगा।
You gotta speak up. She's kinda old.,"00:11:47,514 --> 00:11:50,472",आपको बात करनी होगी। वह थोड़ी पुरानी है।
Great.,"00:11:50,554 --> 00:11:52,306",महान।
"This is Brock Lovett. How can I help you, Mrs...?","00:11:52,394 --> 00:11:55,466","यह ब्रॉक लवेट है। मैं आपकी मदद कैसे कर सकता हूं, श्रीमती ...?"
Calvert. Rose Calvert.,"00:11:55,554 --> 00:11:57,670",Calvert। गुलाब Calvert।
Mrs Calvert?,"00:11:57,754 --> 00:11:59,551",श्रीमान Calvert?
"I was just wondering if you'd found the ""Heart of the Ocean"", Mr Lovett.","00:11:59,634 --> 00:12:04,788","मैं बस सोच रहा था कि क्या आपको मिलेगा ""हार्ट ऑफ़ द ओशन"", श्री लेटेट।"
I said you wanted to take the call.,"00:12:06,474 --> 00:12:08,704",मैंने कहा कि आप कॉल लेना चाहते थे।
"All right. You have my attention, Rose.","00:12:10,754 --> 00:12:13,188","ठीक है। आपका ध्यान है, गुलाब।"
Can you tell us who the woman in the picture is?,"00:12:13,274 --> 00:12:16,186",क्या आप हमें बता सकते हैं कि महिला कौन है तस्वीर में है?
"Oh, yes.","00:12:16,274 --> 00:12:17,787",अरे हाँ।
The woman in the picture is me.,"00:12:17,874 --> 00:12:20,468",तस्वीर में महिला मुझे है।
She's a goddamned liar! Some nutcase seeking money or publicity!,"00:12:35,434 --> 00:12:39,950",वह एक देवदार झूठा है! कुछ नटकेस पैसे या प्रचार की तलाश!
"God only knows why! Like that Russian babe, Anaesthesia!","00:12:40,034 --> 00:12:43,743","भगवान केवल जानता है क्यों! उस रूसी बेब की तरह, संज्ञाहरण!"
They're inbound!,"00:12:43,834 --> 00:12:45,825",वे अंदरूनी हैं!
Rose DeWitt Bukater died on Titanic when she was 17.,"00:12:50,274 --> 00:12:53,869",गुलाब डेविट बुकेटर टाइटैनिक पर निधन हो गया जब वह 17 वर्ष की थी।
Right.,"00:12:53,954 --> 00:12:55,228",सही।
"If she'd lived, she'd be over 100 by now.","00:12:55,314 --> 00:12:57,782","अगर वह रहती, तो वह अब तक 100 से अधिक होगी।"
101 next month.,"00:12:57,874 --> 00:13:00,183",101 अगले महीने।
So she's a very old goddamned liar!,"00:13:00,274 --> 00:13:03,186",तो वह एक बहुत पुरानी देवता झूठा है!
I've done the background on this woman...,"00:13:03,274 --> 00:13:06,107",मैंने पृष्ठभूमि की है इस महिला पर ...
..back to the '20s when she was working as an actress.,"00:13:06,194 --> 00:13:09,630",.. 20 के लिए वापस जब वह एक अभिनेत्री के रूप में काम कर रही थी।
An actress!,"00:13:09,714 --> 00:13:11,147",एक अभिनेत्री!
"There's your first clue, Sherlock! Her name was Rose Dawson back then.","00:13:11,234 --> 00:13:15,193","आपका पहला सुराग है, शेरलॉक! उसके नाम पर रोज़ डॉसन था।"
She marries a guy named Calvert. They move to Cedar Rapids and have kids.,"00:13:15,274 --> 00:13:20,507",वह कैल्वर्ट नाम के एक लड़के से शादी करती है। वे सीडर रैपिड्स में जाते हैं और बच्चे होते हैं।
"Now Calvert's dead, and Cedar Rapids, too.","00:13:20,594 --> 00:13:23,506","अब Calvert के मृत, और सीडर रैपिड्स भी।"
Everybody who knows about the diamond...,"00:13:23,594 --> 00:13:26,233",हर कोई जो जानता है हीरा के बारे में ...
"..is supposed to be dead or on this boat, but she knows.","00:13:26,314 --> 00:13:28,225","..is मृत होना चाहिए या इस नाव पर, लेकिन वह जानता है।"
"Doesn't exactly travel light, does she?","00:13:40,674 --> 00:13:43,552","बिल्कुल प्रकाश यात्रा नहीं करता है, क्या वो?"
"Mrs Calvert, I'm Brock Lovett.","00:13:45,474 --> 00:13:47,544","श्रीमती Calvert, मैं ब्रॉक Lovett हूँ।"
Welcome to the Keldysh.,"00:13:47,634 --> 00:13:49,625",Keldysh में आपका स्वागत है।
Let's get her inside.,"00:13:51,154 --> 00:13:53,031",चलो उसे अंदर ले आओ।
"Hi, Ms Calvert.","00:13:53,074 --> 00:13:54,393","हाय, एमएस Calvert।"
- Hi. - Welcome to the Keldysh.,"00:13:54,474 --> 00:13:56,669",- नमस्ते। - Keldysh में आपका स्वागत है।
Man: Hey.,"00:13:58,514 --> 00:13:59,993",पुरुष: अरे।
Hey!,"00:14:00,074 --> 00:14:01,666",अरे!
(Knocking),"00:14:06,074 --> 00:14:07,666",(हटाना)
Yes?,"00:14:07,714 --> 00:14:08,703",हाँ?
- Are your staterooms all right? - Very nice.,"00:14:08,754 --> 00:14:11,587",- क्या आपका स्टैटरूम ठीक है? - बहुत अच्छा।
Have you met my granddaughter Lizzy?,"00:14:11,674 --> 00:14:14,632",क्या तुमने मेरी पोती लिज़ी से मुलाकात की है?
She takes care of me.,"00:14:14,714 --> 00:14:16,670",वह मेरा ख्याल रखती है।
We met just a few minutes ago.,"00:14:16,754 --> 00:14:19,268",हम बस कुछ ही मिनट पहले मिले थे।
"Remember, Nana? Up on deck?","00:14:19,354 --> 00:14:21,788","याद है, नाना? डेक पर ऊपर?"
"Rose: There, that's nice.","00:14:21,874 --> 00:14:24,308","गुलाब: वहां, यह अच्छा है।"
Have to have my pictures when I travel.,"00:14:24,394 --> 00:14:26,988",जब मैं यात्रा करता हूं तो मेरी तस्वीरें लेनी पड़ती है।
Is there anything you'd like?,"00:14:27,074 --> 00:14:29,542",क्या आप कुछ भी चाहते हैं?
Yes.,"00:14:31,154 --> 00:14:32,587",हाँ।
I would like to see my drawing.,"00:14:32,674 --> 00:14:35,188",मैं अपना चित्र देखना चाहता हूं।
"Brock: Louis XVI wore a fabulous stone, the Blue Diamond of the Crown,...","00:14:47,354 --> 00:14:52,587","ब्रॉक: लुई XVI एक शानदार पत्थर पहना था, क्राउन का ब्लू डायमंड, ..."
..which disappeared in 1792.,"00:14:52,674 --> 00:14:55,586",.. जो 17 9 2 में गायब हो गया।
"About that time old Louis lost everything, from the neck up.","00:14:55,674 --> 00:14:59,303",उस समय के बारे में पुरानी लुई गर्दन से सब कुछ खो दिया।
"The theory goes that the Crown Diamond was chopped, too.","00:14:59,394 --> 00:15:03,831",सिद्धांत यह है कि क्राउन डायमंड भी कटा हुआ था।
"Recut into a heart shape that became known as ""The Heart of the Ocean"".","00:15:03,914 --> 00:15:07,987","एक दिल के आकार में शुरू हुआ जो बन गया ""महासागर का दिल"" के रूप में जाना जाता है।"
Today it'd be worth more than the Hope Diamond.,"00:15:08,074 --> 00:15:10,349",आज यह और अधिक मूल्यवान होगा होप डायमंड की तुलना में।
"It was a dreadful, heavy thing.","00:15:10,434 --> 00:15:12,743","यह एक भयानक, भारी बात थी।"
I only wore it this once.,"00:15:12,834 --> 00:15:15,587",मैंने केवल इसे एक बार पहना था।
"You actually think this is you, Nana?","00:15:15,674 --> 00:15:17,869","आप वास्तव में सोचते हैं कि यह आप हैं, नाना?"
"It is me, dear.","00:15:17,954 --> 00:15:19,831","यह मैं हूँ, प्रिय।"
Wasn't I a dish?,"00:15:19,914 --> 00:15:21,905",क्या मैं एक पकवान नहीं था?
I tracked it down through insurance records.,"00:15:23,274 --> 00:15:25,993",मैंने इसे ट्रैक किया बीमा रिकॉर्ड के माध्यम से।
An old claim that was settled under terms of absolute secrecy.,"00:15:26,074 --> 00:15:29,703",एक पुराना दावा जो बस गया था पूर्ण गोपनीयता के तहत।
"Can you tell me who the claimant was, Rose?","00:15:29,794 --> 00:15:34,026","क्या तुम मुझे बता सकते हो दावेदार कौन था, गुलाब?"
I imagine someone named Hockley.,"00:15:34,114 --> 00:15:36,230",मुझे लगता है कि हॉकी नाम का कोई व्यक्ति है।
"Nathan Hockley, that's right.","00:15:36,314 --> 00:15:38,544","नाथन होकी, यह सही है।"
Pittsburgh steel tycoon.,"00:15:38,634 --> 00:15:40,590",पिट्सबर्ग स्टील टाइकून।
The claim was for a necklace his son Caledon bought his fiancée - you -,"00:15:40,674 --> 00:15:45,464",दावा उनके बेटे के हार के लिए था कैलेडॉन ने अपनी मंगेतर खरीदी - आप -
..a week before he sailed on Titanic.,"00:15:45,554 --> 00:15:48,387",.. टाइटैनिक पर जाने से पहले एक हफ्ते पहले।
"It was filed right after the sinking,...","00:15:48,474 --> 00:15:51,227","यह डूबने के ठीक बाद दायर किया गया था, ..."
..so the diamond had to have gone down with the ship.,"00:15:51,314 --> 00:15:55,466",.. तो हीरा होना था जहाज के साथ नीचे चला गया।
You see the date?,"00:15:56,914 --> 00:15:58,905",आप तारीख देखते हैं?
"""April 14, 1912.""","00:15:59,554 --> 00:16:01,510","""14 अप्रैल, 1 9 12।"""
"If your grandmother is who she says she is,...","00:16:01,594 --> 00:16:03,983","अगर आपकी दादी वह कहती है कि वह कौन है, ..."
..she was wearing the diamond the day the Titanic sank.,"00:16:04,074 --> 00:16:06,952",.. वह हीरा पहन रही थी उस दिन टाइटैनिक डूब गया।
And that makes you my new best friend.,"00:16:07,034 --> 00:16:10,390",और यह आपको मेरा नया सबसे अच्छा दोस्त बनाता है।
These are some of the things we recovered from your stateroom.,"00:16:10,474 --> 00:16:14,911",ये कुछ चीजें हैं हम आपके stateroom से बरामद किया।
This was mine!,"00:16:16,834 --> 00:16:18,825",यह मेरा था!
How extraordinary!,"00:16:19,594 --> 00:16:21,550",कितना असाधारण!
And it looks the same as it did the last time I saw it.,"00:16:21,634 --> 00:16:25,627",और ऐसा लगता है जैसा उसने किया था आखिरी बार मैंने इसे देखा।
The reflection has changed a bit.,"00:16:30,994 --> 00:16:33,383",प्रतिबिंब थोड़ा बदल गया है।
Are you ready to go back to Titanic?,"00:16:49,434 --> 00:16:51,902",क्या आप टाइटैनिक वापस जाने के लिए तैयार हैं?
"Okay, here we go. She hits the berg on the starboard side, right?","00:16:55,234 --> 00:16:59,512","ठीक है, हम यहाँ जाते हैं। वह बर्ग हिट करती है स्टारबोर्ड की तरफ, है ना?"
"She bumps along, punching holes along the side, below the waterline.","00:16:59,594 --> 00:17:04,304","वह छेद छिद्रण के साथ टक्कर लगी है तरफ के नीचे, पानी के नीचे।"
Then the forward compartments start to flood.,"00:17:04,394 --> 00:17:07,989",फिर आगे के डिब्बे बाढ़ शुरू करो।
"As the water rises, it spills over the watertight bulkheads...","00:17:08,074 --> 00:17:11,191","जैसे ही पानी उगता है, यह फैलता है वाटरटाइट थोकहेड ..."
"..which don't go any higher than ""E"" deck.","00:17:11,274 --> 00:17:13,868",".. जो किसी भी उच्च नहीं जाते हैं ""ई"" डेक से।"
"So now as the bow goes down, the stern rises up,...","00:17:13,954 --> 00:17:17,663","तो अब धनुष नीचे चला जाता है, कठोर उगता है, ..."
"..slow at first, then faster and faster,...","00:17:17,754 --> 00:17:20,109",".. पहले धीमा, फिर तेज़ और तेज़, ..."
..until she's got her whole ass up in the air. A big ass.,"00:17:20,194 --> 00:17:23,630",..जब तक वह उसे पूरा गधा मिला है ऊपर हवा में। एक बड़ा गधा
"We're talking 20,000, 30,000 tons, okay?","00:17:23,714 --> 00:17:27,229","हम 20,000, 30,000 टन बात कर रहे हैं, ठीक है?"
"The hull's not designed to deal with that pressure, so what happens?","00:17:27,314 --> 00:17:31,387","हल करने के लिए डिजाइन नहीं किया गया है उस दबाव के साथ, तो क्या होता है?"
"She splits, right down to the keel, and the stern falls back level.","00:17:31,474 --> 00:17:36,707","वह विभाजित होती है, ठीक नीचे कील तक, और कठोर वापस स्तर गिर जाता है।"
As the bow sinks it pulls the stern vertical...,"00:17:36,794 --> 00:17:39,547",धनुष सिंक के रूप में यह कठोर लंबवत खींचता है ...
..and then finally detaches.,"00:17:39,634 --> 00:17:41,864",..और अंततः अलग हो जाता है।
"The stern section bobs there like a cork for a few minutes,...","00:17:41,954 --> 00:17:46,391","वहां कठोर खंड बोब्स कुछ मिनट के लिए एक कॉर्क की तरह, ..."
"..floods, and finally goes under about 2.20am.","00:17:46,474 --> 00:17:49,034","..floods, और अंत में नीचे चला जाता है लगभग 2.20 बजे"
Two hours and 40 minutes after the collision.,"00:17:49,114 --> 00:17:52,504",दो घंटे और 40 मिनट टकराव के बाद।
"The bow section planes away, landing about half a mile away,...","00:17:52,594 --> 00:17:57,110","धनुष अनुभाग दूर विमानों, आधा मील दूर लैंडिंग, ..."
"..going 20, 30 knots when it hits the ocean floor.","00:17:57,194 --> 00:18:00,231",".. 20, 30 समुद्री मील जा रहा है जब यह समुद्र तल पर हिट करता है।"
"Pretty cool, huh?","00:18:02,794 --> 00:18:04,546","बहुत अच्छा, हुह?"
"Thank you for that fine forensic analysis, Mr Bodine.","00:18:04,634 --> 00:18:09,754","उस ठीक के लिए धन्यवाद फोरेंसिक विश्लेषण, श्री बोडिन।"
"Of course, the experience of it was... somewhat different.","00:18:09,834 --> 00:18:15,466","बेशक, इसका अनुभव था ... जरा हटके।"
Will you share it with us?,"00:18:15,554 --> 00:18:17,988",क्या आप इसे हमारे साथ साझा करेंगे?
- I'm taking her to rest. - No.,"00:19:10,394 --> 00:19:12,783",- मैं उसे आराम करने के लिए ले जा रहा हूँ। - नहीं।
"- Come on, Nana. - No!","00:19:12,874 --> 00:19:14,865","- चलो, नाना। - नहीं!"
Tape recorder.,"00:19:19,274 --> 00:19:21,265",टेप रिकॉर्डर।
"Tell us, Rose.","00:19:22,594 --> 00:19:24,585","हमें बताओ, गुलाब।"
It's been 84 years.,"00:19:26,674 --> 00:19:28,630",यह 84 साल हो गया है।
Try to remember anything.,"00:19:28,714 --> 00:19:30,625",कुछ भी याद रखने की कोशिश करो।
Anything at all.,"00:19:30,714 --> 00:19:32,227",कुछ भी।
"Do you want to hear this or not, Mr Lovett?","00:19:32,314 --> 00:19:35,943","क्या आप यह सुनना चाहते हैं या नहीं, श्री लवेट?"
It's been 84 years...,"00:19:39,954 --> 00:19:42,946",यह 84 साल हो गया है ...
..and I can still smell the fresh paint.,"00:19:43,674 --> 00:19:47,269",..और मैं अभी भी ताजा पेंट गंध कर सकता हूं।
The china had never been used.,"00:19:49,274 --> 00:19:51,868",चीन का कभी इस्तेमाल नहीं किया गया था।
The sheets had never been slept in.,"00:19:52,754 --> 00:19:55,222",चादरें कभी सो नहीं गई थीं।
"Titanic was called ""The Ship of Dreams"".","00:19:56,794 --> 00:20:00,184","टाइटैनिक कहा जाता था ""सपने का जहाज""।"
And it was.,"00:20:02,074 --> 00:20:04,065",और वो यह था।
It really was.,"00:20:04,194 --> 00:20:06,185",यह वास्तव में था।
All third-class passengers...,"00:20:33,474 --> 00:20:36,193",सभी तीसरे श्रेणी के यात्रियों ...
"..with a forward berth,...","00:20:36,274 --> 00:20:38,310",.. आगे के बर्थ के साथ ...
"..this way, please. This queue. Right here.","00:20:38,394 --> 00:20:41,466",..कृपया इस तरफ। यह कतार यहीं।
"Big boat, uh?","00:20:41,554 --> 00:20:42,782","बड़ी नाव, ओह?"
"- Daddy, it's a ship. - You're right.","00:20:42,874 --> 00:20:45,104","- पिताजी, यह एक जहाज है। - आप सही हे।"
(Car horn),"00:20:45,194 --> 00:20:47,185",(कार का हॉर्न)
Why all the fuss? It doesn't look any bigger than the Mauretania.,"00:21:14,594 --> 00:21:18,951",क्यों सभी झगड़ा? यह नहीं दिखता है मॉरेटानिया से बड़ा कोई भी।
"You can be blasé about some things, Rose, but not about Titanic.","00:21:19,034 --> 00:21:22,868","आप कुछ चीजों के बारे में ब्लेज़ हो सकते हैं, गुलाब, लेकिन टाइटैनिक के बारे में नहीं।"
It's 100 feet longer...,"00:21:22,954 --> 00:21:24,546",यह 100 फीट लंबा है ...
..and far more luxurious.,"00:21:24,634 --> 00:21:26,590",..और बहुत अधिक शानदार।
"Your daughter is difficult to impress, Ruth.","00:21:26,674 --> 00:21:29,586","आपकी बेटी मुश्किल है प्रभावित करने के लिए, रूथ।"
So this is the ship they say is unsinkable.,"00:21:29,674 --> 00:21:32,552",तो यह जहाज है वे कहते हैं कि असंभव है।
God himself could not sink this ship.,"00:21:32,634 --> 00:21:35,194",ईश्वर स्वयं इस जहाज को डुबो नहीं सकता था।
"Sir, you have to check your baggage through the main terminal.","00:21:35,274 --> 00:21:38,869","महोदय, आपको अपने सामान की जांच करनी है मुख्य टर्मिनल के माध्यम से।"
"I put my faith in you, good sir. Now kindly see my man.","00:21:38,954 --> 00:21:42,185","मैंने तुम पर मेरा विश्वास रखा, अच्छा महोदय। अब कृपया मेरे आदमी को देखें।"
"Yes, sir. My pleasure, sir.","00:21:42,274 --> 00:21:44,230",जी श्रीमान। मुझे खुशी होगी महाशय।
"All the trunks from that car there,...","00:21:45,554 --> 00:21:48,193","उस कार से सभी ट्रंक, ..."
"..12 from here, and the safe,...","00:21:48,274 --> 00:21:51,505","..12 यहाँ से, और सुरक्षित, ..."
"..to the Parlour Suite, rooms B52, 54, 56.","00:21:51,594 --> 00:21:54,347",".. पार्लर सूट के लिए, कमरे बी 52, 54, 56।"
(Whistle),"00:21:54,434 --> 00:21:55,833",(सीटी)
Ladies...,"00:21:55,914 --> 00:21:57,870",महिलाओं ...
Better hurry.,"00:21:57,954 --> 00:21:59,592",बेहतर जल्दी करो।
"- My coat? - I have it, miss.","00:22:04,354 --> 00:22:06,822","- मेरे कोट? - मेरे पास है, मिस।"
All third-class passengers queue here for health inspection.,"00:22:08,194 --> 00:22:12,824",सभी तीसरे श्रेणी के यात्रियों स्वास्थ्य निरीक्षण के लिए यहां कतार।
Chin up.,"00:22:12,914 --> 00:22:14,233",चिन अप।
"Welcome aboard, ma'am. Welcome to Titanic.","00:22:18,954 --> 00:22:22,708","आपका स्वागत है, महोदया। टाइटैनिक में आपका स्वागत है।"
Rose: <i>It was the ship</i> <i>of dreams to everyone else.</i>,,
<i>To me it was a slave ship...</i>,,
<i>..taking me back to America in chains.</i>,,
<i>Outwardly I was everything</i> <i>a well-brought-up girl should be.</i>,,
"<i>Inside, I was screaming.</i>",,
(Steam whistle),"00:22:40,274 --> 00:22:41,992",(भाप सीटी)
(Speaking Swedish),"00:22:52,474 --> 00:22:54,465",(स्वीडिश बोलना)
"Jack, you are pazzo. You bet everything we have.","00:22:55,754 --> 00:22:58,985","जैक, आप पज़ो हैं। आप हमारे पास सबकुछ शर्त लगाते हैं।"
"When you got nothing, you got nothing to lose.","00:22:59,074 --> 00:23:02,191","जब आपको कुछ नहीं मिला, आपको खोने के लिए कुछ नहीं मिला।"
Swedish: You moron. I can't believe you bet our tickets.,"00:23:03,634 --> 00:23:08,230",स्वीडिश: तुम मूर्ख हो। मुझे विश्वास नहीं है कि आप हमारे टिकट शर्त लगाते हैं।
Sven?,"00:23:09,034 --> 00:23:10,023",स्वेन?
All right... moment of truth.,"00:23:30,794 --> 00:23:33,308",ठीक है ... सच का क्षण।
Somebody's life's about to change.,"00:23:33,674 --> 00:23:36,188",किसी के जीवन को बदलने वाला है।
Fabrizio?,"00:23:36,274 --> 00:23:37,229",फैब्रिजियो?
Niente.,"00:23:39,234 --> 00:23:40,223",Niente।
Olaf?,"00:23:42,794 --> 00:23:44,386",ओलाफ?
Nothing.,"00:23:44,674 --> 00:23:45,743",कुछ भी तो नहीं।
Uh-oh. Two pair.,"00:23:49,714 --> 00:23:52,308",उह ओह। दो जोड़ी।
"I'm sorry, Fabrizio.","00:23:52,514 --> 00:23:54,470","मुझे खेद है, Fabrizio।"
"""Sorry""? You bet all the money!","00:23:54,554 --> 00:23:56,829","""माफ़ कीजिये""? आप सभी पैसे शर्त लगाते हैं!"
I'm sorry. You're not gonna see your mom for a long time.,"00:23:56,914 --> 00:24:00,623",मुझे माफ कर दो। आप नहीं देख रहे हैं आपकी माँ लंबे समय तक।
"Cos we're going to America! Full house, boys!","00:24:00,714 --> 00:24:03,990","क्या हम अमेरिका जा रहे हैं! पूरा घर, लड़के!"
Whoa!,"00:24:04,074 --> 00:24:05,587",वाह!
Yeah!,"00:24:05,674 --> 00:24:06,948",हाँ!
"Dio mio, grazie!","00:24:07,034 --> 00:24:09,070","डायो Mio, grazie!"
(Cursing in Swedish),"00:24:10,674 --> 00:24:12,983",(स्वीडिश में शापित)
Come on!,"00:24:16,274 --> 00:24:17,866",आ जाओ!
Figlio di puttana!,"00:24:17,954 --> 00:24:19,148",Figlio di Puttana!
I'm going home!,"00:24:19,234 --> 00:24:20,906",मैं घर जा रहा हूँ!
I go to America!,"00:24:24,914 --> 00:24:26,870",मैं अमेरिका जाता हूँ!
"No, mate.","00:24:26,954 --> 00:24:28,103",कोई दोस्त नहीं है।
"Titanic go to America, in five minutes.","00:24:28,194 --> 00:24:30,913",टाइटैनिक अमेरिका में पांच मिनट में जाता है।
"Come on! Come on, here!","00:24:32,034 --> 00:24:34,389",आ जाओ! यहां आओ!
Andiamo!,"00:24:34,474 --> 00:24:36,544",Andiamo!
We're riding in high style now! We're a couple of swells!,"00:24:36,634 --> 00:24:40,309",हम अब उच्च शैली में सवारी कर रहे हैं! हम दो swells हैं!
"Practically goddamn royalty, ragazzo mio!","00:24:40,394 --> 00:24:43,192","व्यावहारिक रूप से भगवान रॉयल्टी, ragazzo mio!"
"You see, it's my destino!","00:24:43,274 --> 00:24:46,186","आप देखते हैं, यह मेरा भाग्य है!"
I go to America to be millionario!,"00:24:46,274 --> 00:24:48,663",मैं अमेरिका में करोड़पति बनने के लिए जाता हूं!